EmployeeID,Age,Department,JobRole,YearsAtCompany,YearsInCurrentRole,YearsSinceLastPromotion,TrainingTimesLastYear,YearsWithCurrManager,PromotionGapRatio,RoleStagnationIndex,TrainingIntensityScore,ManagerStabilityIndicator,Cluster,CareerPathSegment,PromotionGapRiskScore,Attrition,JobSatisfaction,EnvironmentSatisfaction
0,41,Sales,Sales Executive,6,4,0,0,5,0.0,0.6666666666666666,0.0,0.8333333333333334,3,Fast-Track Performers,Medium,1,4,2
1,49,Research & Development,Research Scientist,10,7,1,3,7,0.1,0.7,0.3,0.7,2,High-Risk Stagnation Profile,Medium,0,2,3
2,37,Research & Development,Laboratory Technician,0,0,0,3,0,0.0,0.0,0.0,0.0,1,Early-Career Explorers,Medium,1,3,4
3,33,Research & Development,Research Scientist,8,7,3,3,0,0.375,0.875,0.375,0.0,3,Fast-Track Performers,Medium,0,3,4
4,27,Research & Development,Laboratory Technician,2,2,2,3,2,1.0,1.0,1.5,1.0,4,Promotion-Stalled Employees,High,0,2,1
5,32,Research & Development,Laboratory Technician,7,7,3,2,6,0.42857142857142855,1.0,0.2857142857142857,0.8571428571428571,2,High-Risk Stagnation Profile,High,0,4,4
6,59,Research & Development,Laboratory Technician,1,0,0,3,0,0.0,0.0,3.0,0.0,1,Early-Career Explorers,Low,0,1,3
7,30,Research & Development,Laboratory Technician,1,0,0,2,0,0.0,0.0,2.0,0.0,1,Early-Career Explorers,Low,0,3,4
8,38,Research & Development,Manufacturing Director,9,7,1,2,8,0.1111111111111111,0.7777777777777778,0.2222222222222222,0.8888888888888888,2,High-Risk Stagnation Profile,High,0,3,4
9,36,Research & Development,Healthcare Representative,7,7,7,3,7,1.0,1.0,0.42857142857142855,1.0,0,High-Risk Stagnation Profile,High,0,3,3
10,35,Research & Development,Laboratory Technician,5,4,0,5,3,0.0,0.8,1.0,0.6,3,Fast-Track Performers,Medium,0,2,1
11,29,Research & Development,Laboratory Technician,9,5,0,3,8,0.0,0.5555555555555556,0.3333333333333333,0.8888888888888888,2,High-Risk Stagnation Profile,Medium,0,3,4
12,31,Research & Development,Research Scientist,5,2,4,1,3,0.8,0.4,0.2,0.6,4,Promotion-Stalled Employees,High,0,3,1
13,34,Research & Development,Laboratory Technician,2,2,1,2,2,0.5,1.0,1.0,1.0,4,Promotion-Stalled Employees,High,0,4,2
14,28,Research & Development,Laboratory Technician,4,2,0,4,3,0.0,0.5,1.0,0.75,3,Fast-Track Performers,Low,1,3,3
15,29,Research & Development,Manufacturing Director,10,9,8,1,8,0.8,0.9,0.1,0.8,0,High-Risk Stagnation Profile,High,0,1,2
16,32,Research & Development,Research Scientist,6,2,0,5,5,0.0,0.3333333333333333,0.8333333333333334,0.8333333333333334,3,Fast-Track Performers,Low,0,2,1
17,22,Research & Development,Laboratory Technician,1,0,0,2,0,0.0,0.0,2.0,0.0,1,Early-Career Explorers,Low,0,4,4
18,38,Research & Development,Research Scientist,3,2,1,3,2,0.3333333333333333,0.6666666666666666,1.0,0.6666666666666666,3,Fast-Track Performers,Medium,0,4,4
19,24,Research & Development,Manufacturing Director,4,2,1,5,3,0.25,0.5,1.25,0.75,3,Fast-Track Performers,Low,0,3,1
20,36,Sales,Sales Representative,5,3,0,4,3,0.0,0.6,0.8,0.6,3,Fast-Track Performers,Low,1,1,3
21,34,Research & Development,Research Director,12,6,2,4,11,0.16666666666666666,0.5,0.3333333333333333,0.9166666666666666,2,High-Risk Stagnation Profile,Medium,0,2,1
22,21,Research & Development,Research Scientist,0,0,0,6,0,0.0,0.0,0.0,0.0,1,Early-Career Explorers,Medium,0,4,3
23,34,Research & Development,Research Scientist,4,2,1,2,3,0.25,0.5,0.5,0.75,3,Fast-Track Performers,Low,1,1,2
24,53,Research & Development,Manager,14,13,4,3,8,0.2857142857142857,0.9285714285714286,0.21428571428571427,0.5714285714285714,2,High-Risk Stagnation Profile,High,0,3,3
25,32,Research & Development,Research Scientist,10,2,6,5,7,0.6,0.2,0.5,0.7,0,High-Risk Stagnation Profile,High,1,1,2
26,42,Sales,Sales Executive,9,7,4,2,2,0.4444444444444444,0.7777777777777778,0.2222222222222222,0.2222222222222222,3,Fast-Track Performers,High,0,2,3
27,44,Research & Development,Healthcare Representative,22,6,5,4,17,0.22727272727272727,0.2727272727272727,0.18181818181818182,0.7727272727272727,2,High-Risk Stagnation Profile,Medium,0,4,1
28,46,Sales,Manager,2,2,2,2,1,1.0,1.0,1.0,0.5,4,Promotion-Stalled Employees,High,0,1,2
29,33,Research & Development,Laboratory Technician,1,1,0,3,0,0.0,1.0,3.0,0.0,1,Early-Career Explorers,Medium,0,4,3
30,44,Research & Development,Healthcare Representative,4,2,1,5,3,0.25,0.5,1.25,0.75,3,Fast-Track Performers,Low,0,4,4
31,30,Research & Development,Laboratory Technician,10,0,1,5,8,0.1,0.0,0.5,0.8,3,Fast-Track Performers,Low,0,3,4
32,39,Sales,Sales Representative,1,0,0,6,0,0.0,0.0,6.0,0.0,1,Early-Career Explorers,Low,1,4,4
33,24,Research & Development,Research Scientist,2,0,2,2,0,1.0,0.0,1.0,0.0,1,Early-Career Explorers,Medium,1,4,2
34,43,Research & Development,Research Scientist,5,3,1,3,4,0.2,0.6,0.6,0.8,3,Fast-Track Performers,Low,0,3,4
35,50,Sales,Sales Representative,3,2,0,2,2,0.0,0.6666666666666666,0.6666666666666666,0.6666666666666666,3,Fast-Track Performers,Medium,1,3,1
36,35,Sales,Sales Representative,2,2,2,3,2,1.0,1.0,1.5,1.0,4,Promotion-Stalled Employees,High,0,4,4
37,36,Research & Development,Research Scientist,1,1,0,3,0,0.0,1.0,3.0,0.0,1,Early-Career Explorers,Medium,0,1,2
38,33,Sales,Sales Executive,5,3,1,3,3,0.2,0.6,0.6,0.6,3,Fast-Track Performers,Low,0,1,3
39,35,Research & Development,Laboratory Technician,1,0,0,3,0,0.0,0.0,3.0,0.0,1,Early-Career Explorers,Low,0,4,3
40,27,Research & Development,Laboratory Technician,1,0,0,6,0,0.0,0.0,6.0,0.0,1,Early-Career Explorers,Low,0,1,4
41,26,Research & Development,Laboratory Technician,1,0,0,2,1,0.0,0.0,2.0,1.0,3,Fast-Track Performers,Low,1,3,1
42,27,Sales,Sales Executive,9,8,1,0,7,0.1111111111111111,0.8888888888888888,0.0,0.7777777777777778,2,High-Risk Stagnation Profile,High,0,3,4
43,30,Research & Development,Laboratory Technician,12,8,3,2,7,0.25,0.6666666666666666,0.16666666666666666,0.5833333333333334,2,High-Risk Stagnation Profile,High,0,4,3
44,41,Research & Development,Research Director,22,15,15,0,8,0.6818181818181818,0.6818181818181818,0.0,0.36363636363636365,0,High-Risk Stagnation Profile,High,1,3,2
45,34,Sales,Sales Executive,9,5,8,2,7,0.8888888888888888,0.5555555555555556,0.2222222222222222,0.7777777777777778,0,High-Risk Stagnation Profile,High,0,3,2
46,37,Research & Development,Research Scientist,1,0,0,1,0,0.0,0.0,1.0,0.0,1,Early-Career Explorers,Low,0,2,2
47,46,Sales,Sales Executive,9,6,0,4,8,0.0,0.6666666666666666,0.4444444444444444,0.8888888888888888,2,High-Risk Stagnation Profile,Medium,0,4,1
48,35,Research & Development,Laboratory Technician,1,0,0,2,1,0.0,0.0,2.0,1.0,3,Fast-Track Performers,Low,0,4,4
49,48,Research & Development,Laboratory Technician,1,0,0,2,0,0.0,0.0,2.0,0.0,1,Early-Career Explorers,Low,1,3,1
50,28,Research & Development,Laboratory Technician,2,2,2,3,2,1.0,1.0,1.5,1.0,4,Promotion-Stalled Employees,High,1,3,3
51,44,Sales,Sales Executive,4,3,1,2,3,0.25,0.75,0.5,0.75,3,Fast-Track Performers,Medium,0,1,2
52,35,Research & Development,Healthcare Representative,4,0,2,3,3,0.5,0.0,0.75,0.75,3,Fast-Track Performers,Medium,0,1,3
53,26,Sales,Sales Executive,2,2,0,2,0,0.0,1.0,1.0,0.0,3,Fast-Track Performers,Medium,0,4,3
54,33,Research & Development,Research Director,15,14,8,1,12,0.5333333333333333,0.9333333333333333,0.06666666666666667,0.8,0,High-Risk Stagnation Profile,High,0,4,1
55,35,Sales,Sales Executive,9,8,1,3,8,0.1111111111111111,0.8888888888888888,0.3333333333333333,0.8888888888888888,2,High-Risk Stagnation Profile,Medium,0,1,2
56,35,Research & Development,Laboratory Technician,2,2,2,3,2,1.0,1.0,1.5,1.0,4,Promotion-Stalled Employees,High,0,1,3
57,31,Research & Development,Laboratory Technician,7,7,1,3,7,0.14285714285714285,1.0,0.42857142857142855,1.0,2,High-Risk Stagnation Profile,Medium,0,4,4
58,37,Research & Development,Manufacturing Director,7,5,0,2,7,0.0,0.7142857142857143,0.2857142857142857,1.0,2,High-Risk Stagnation Profile,High,0,3,1
59,32,Research & Development,Manufacturing Director,9,8,7,3,8,0.7777777777777778,0.8888888888888888,0.3333333333333333,0.8888888888888888,0,High-Risk Stagnation Profile,High,0,4,1
60,38,Research & Development,Laboratory Technician,10,3,9,2,9,0.9,0.3,0.2,0.9,0,High-Risk Stagnation Profile,High,0,4,4
61,59,Sales,Sales Executive,21,16,7,3,9,0.3333333333333333,0.7619047619047619,0.14285714285714285,0.42857142857142855,0,High-Risk Stagnation Profile,High,0,1,1
62,36,Research & Development,Healthcare Representative,17,14,12,2,8,0.7058823529411765,0.8235294117647058,0.11764705882352941,0.47058823529411764,0,High-Risk Stagnation Profile,High,0,3,3
63,55,Research & Development,Manager,5,0,0,2,2,0.0,0.0,0.4,0.4,3,Fast-Track Performers,Low,0,3,4
64,36,Research & Development,Manufacturing Director,6,5,0,3,3,0.0,0.8333333333333334,0.5,0.5,3,Fast-Track Performers,Medium,0,2,2
65,45,Research & Development,Research Scientist,1,0,0,2,0,0.0,0.0,2.0,0.0,1,Early-Career Explorers,Low,0,1,2
66,35,Research & Development,Research Scientist,3,2,1,2,2,0.3333333333333333,0.6666666666666666,0.6666666666666666,0.6666666666666666,3,Fast-Track Performers,Medium,0,1,2
67,36,Research & Development,Research Scientist,1,0,0,0,0,0.0,0.0,0.0,0.0,1,Early-Career Explorers,Medium,1,3,4
68,59,Sales,Sales Executive,4,3,1,2,3,0.25,0.75,0.5,0.75,3,Fast-Track Performers,Medium,0,3,1
69,29,Research & Development,Research Scientist,5,4,0,3,4,0.0,0.8,0.6,0.8,3,Fast-Track Performers,Medium,0,2,3
70,31,Research & Development,Research Scientist,1,1,1,4,0,1.0,1.0,4.0,0.0,4,Promotion-Stalled Employees,High,0,2,3
71,32,Research & Development,Research Scientist,10,4,0,3,9,0.0,0.4,0.3,0.9,2,High-Risk Stagnation Profile,Medium,0,2,2
72,36,Research & Development,Laboratory Technician,1,0,0,3,0,0.0,0.0,3.0,0.0,1,Early-Career Explorers,Low,0,4,2
73,31,Research & Development,Manufacturing Director,11,7,1,2,8,0.09090909090909091,0.6363636363636364,0.18181818181818182,0.7272727272727273,2,High-Risk Stagnation Profile,High,0,4,3
74,35,Sales,Sales Executive,15,13,2,2,8,0.13333333333333333,0.8666666666666667,0.13333333333333333,0.5333333333333333,2,High-Risk Stagnation Profile,High,0,1,3
75,45,Research & Development,Research Director,0,0,0,3,0,0.0,0.0,0.0,0.0,1,Early-Career Explorers,Medium,0,1,4
76,37,Research & Development,Research Director,5,2,0,3,2,0.0,0.4,0.6,0.4,3,Fast-Track Performers,Low,0,3,1
77,46,Human Resources,Human Resources,4,2,0,2,2,0.0,0.5,0.5,0.5,3,Fast-Track Performers,Low,0,2,2
78,30,Research & Development,Laboratory Technician,10,8,3,1,0,0.3,0.8,0.1,0.0,3,Fast-Track Performers,High,0,4,4
79,35,Research & Development,Research Scientist,6,4,0,3,4,0.0,0.6666666666666666,0.5,0.6666666666666666,3,Fast-Track Performers,Medium,0,3,2
80,55,Sales,Sales Executive,1,0,1,4,0,1.0,0.0,4.0,0.0,1,Early-Career Explorers,Medium,0,4,1
81,38,Research & Development,Research Scientist,13,11,1,3,9,0.07692307692307693,0.8461538461538461,0.23076923076923078,0.6923076923076923,2,High-Risk Stagnation Profile,High,0,4,2
82,34,Research & Development,Manufacturing Director,5,2,1,2,3,0.2,0.4,0.4,0.6,3,Fast-Track Performers,Low,0,2,1
83,23,Sales,Sales Representative,0,0,0,3,0,0.0,0.0,0.0,0.0,1,Early-Career Explorers,Medium,0,1,3
84,51,Research & Development,Laboratory Technician,4,2,0,4,3,0.0,0.5,1.0,0.75,3,Fast-Track Performers,Low,0,4,4
85,30,Research & Development,Healthcare Representative,11,10,10,3,8,0.9090909090909091,0.9090909090909091,0.2727272727272727,0.7272727272727273,0,High-Risk Stagnation Profile,High,0,4,3
86,46,Sales,Sales Executive,9,8,4,3,7,0.4444444444444444,0.8888888888888888,0.3333333333333333,0.7777777777777778,2,High-Risk Stagnation Profile,High,1,4,3
87,40,Research & Development,Healthcare Representative,22,3,11,3,11,0.5,0.13636363636363635,0.13636363636363635,0.5,0,High-Risk Stagnation Profile,High,0,2,3
88,51,Sales,Sales Executive,10,7,1,2,0,0.1,0.7,0.2,0.0,3,Fast-Track Performers,Medium,0,4,3
89,30,Sales,Sales Executive,11,8,2,4,7,0.18181818181818182,0.7272727272727273,0.36363636363636365,0.6363636363636364,2,High-Risk Stagnation Profile,Medium,0,2,3
90,46,Research & Development,Healthcare Representative,10,9,9,5,5,0.9,0.9,0.5,0.5,0,High-Risk Stagnation Profile,High,0,1,3
91,32,Sales,Sales Executive,11,8,5,0,7,0.45454545454545453,0.7272727272727273,0.0,0.6363636363636364,0,High-Risk Stagnation Profile,High,0,3,2
92,54,Research & Development,Research Director,4,3,0,5,3,0.0,0.75,1.25,0.75,3,Fast-Track Performers,Medium,0,3,1
93,24,Sales,Sales Executive,3,2,0,2,2,0.0,0.6666666666666666,0.6666666666666666,0.6666666666666666,3,Fast-Track Performers,Medium,0,3,1
94,28,Sales,Sales Executive,5,4,0,3,4,0.0,0.8,0.6,0.8,3,Fast-Track Performers,Medium,0,3,2
95,44,Research & Development,Laboratory Technician,3,2,1,3,2,0.3333333333333333,0.6666666666666666,1.0,0.6666666666666666,3,Fast-Track Performers,Medium,0,2,2
96,37,Human Resources,Human Resources,3,2,0,3,2,0.0,0.6666666666666666,1.0,0.6666666666666666,3,Fast-Track Performers,Medium,1,1,3
97,32,Research & Development,Research Scientist,1,0,0,2,0,0.0,0.0,2.0,0.0,1,Early-Career Explorers,Low,0,1,4
98,20,Research & Development,Laboratory Technician,1,0,1,5,0,1.0,0.0,5.0,0.0,1,Early-Career Explorers,Medium,1,4,4
99,34,Research & Development,Research Scientist,16,13,2,3,10,0.125,0.8125,0.1875,0.625,2,High-Risk Stagnation Profile,High,0,3,1
100,37,Research & Development,Healthcare Representative,1,0,0,2,0,0.0,0.0,2.0,0.0,1,Early-Career Explorers,Low,0,4,3
101,50,Research & Development,Research Director,8,3,0,1,7,0.0,0.375,0.125,0.875,3,Fast-Track Performers,Medium,0,2,1
102,25,Sales,Sales Executive,6,4,0,1,3,0.0,0.6666666666666666,0.16666666666666666,0.5,3,Fast-Track Performers,Medium,1,3,3
103,25,Research & Development,Research Scientist,2,2,2,2,1,1.0,1.0,1.0,0.5,4,Promotion-Stalled Employees,High,0,4,4
104,22,Research & Development,Laboratory Technician,0,0,0,5,0,0.0,0.0,0.0,0.0,1,Early-Career Explorers,Medium,0,4,2
105,51,Research & Development,Healthcare Representative,13,12,12,1,8,0.9230769230769231,0.9230769230769231,0.07692307692307693,0.6153846153846154,0,High-Risk Stagnation Profile,High,0,1,1
106,34,Research & Development,Laboratory Technician,9,7,0,3,6,0.0,0.7777777777777778,0.3333333333333333,0.6666666666666666,2,High-Risk Stagnation Profile,Medium,1,3,1
107,54,Human Resources,Manager,5,3,4,3,4,0.8,0.6,0.6,0.8,4,Promotion-Stalled Employees,High,0,4,4
108,24,Research & Development,Laboratory Technician,5,3,1,2,2,0.2,0.6,0.4,0.4,3,Fast-Track Performers,Low,0,3,2
109,34,Research & Development,Research Scientist,1,0,0,3,0,0.0,0.0,3.0,0.0,1,Early-Career Explorers,Low,0,2,3
110,37,Sales,Sales Executive,5,3,1,3,3,0.2,0.6,0.6,0.6,3,Fast-Track Performers,Low,0,4,3
111,34,Research & Development,Manager,11,10,5,6,8,0.45454545454545453,0.9090909090909091,0.5454545454545454,0.7272727272727273,2,High-Risk Stagnation Profile,High,0,1,3
112,36,Sales,Sales Executive,9,7,2,6,8,0.2222222222222222,0.7777777777777778,0.6666666666666666,0.8888888888888888,2,High-Risk Stagnation Profile,Medium,0,4,2
113,36,Research & Development,Laboratory Technician,1,0,0,2,0,0.0,0.0,2.0,0.0,1,Early-Career Explorers,Low,0,4,1
114,43,Sales,Manager,25,12,4,3,12,0.16,0.48,0.12,0.48,2,High-Risk Stagnation Profile,Medium,0,4,3
115,30,Research & Development,Research Scientist,10,7,0,2,9,0.0,0.7,0.2,0.9,2,High-Risk Stagnation Profile,High,0,3,1
116,33,Sales,Sales Executive,7,7,0,2,7,0.0,1.0,0.2857142857142857,1.0,2,High-Risk Stagnation Profile,High,0,2,3
117,56,Research & Development,Research Scientist,5,4,4,2,3,0.8,0.8,0.4,0.6,4,Promotion-Stalled Employees,High,1,2,2
118,51,Research & Development,Research Director,20,18,15,5,15,0.75,0.9,0.25,0.75,0,High-Risk Stagnation Profile,High,0,3,1
119,31,Sales,Sales Executive,7,7,7,3,7,1.0,1.0,0.42857142857142855,1.0,0,High-Risk Stagnation Profile,High,1,3,2
120,26,Research & Development,Research Scientist,5,4,4,3,3,0.8,0.8,0.6,0.6,4,Promotion-Stalled Employees,High,0,2,3
121,19,Sales,Sales Representative,0,0,0,2,0,0.0,0.0,0.0,0.0,1,Early-Career Explorers,Medium,1,3,4
122,22,Research & Development,Laboratory Technician,2,1,2,2,1,1.0,0.5,1.0,0.5,4,Promotion-Stalled Employees,High,0,4,3
123,49,Research & Development,Manufacturing Director,15,11,5,2,11,0.3333333333333333,0.7333333333333333,0.13333333333333333,0.7333333333333333,2,High-Risk Stagnation Profile,High,0,1,3
124,43,Research & Development,Research Scientist,3,2,1,2,2,0.3333333333333333,0.6666666666666666,0.6666666666666666,0.6666666666666666,3,Fast-Track Performers,Medium,0,3,2
125,50,Sales,Sales Executive,2,2,2,3,1,1.0,1.0,1.5,0.5,4,Promotion-Stalled Employees,High,0,4,3
126,31,Sales,Sales Executive,2,2,2,2,2,1.0,1.0,1.0,1.0,4,Promotion-Stalled Employees,High,1,3,2
127,41,Sales,Sales Executive,9,7,0,2,7,0.0,0.7777777777777778,0.2222222222222222,0.7777777777777778,2,High-Risk Stagnation Profile,High,0,3,3
128,26,Human Resources,Human Resources,8,7,5,3,7,0.625,0.875,0.375,0.875,0,High-Risk Stagnation Profile,High,0,3,3
129,36,Research & Development,Manufacturing Director,3,2,0,0,1,0.0,0.6666666666666666,0.0,0.3333333333333333,3,Fast-Track Performers,Medium,0,2,2
130,51,Research & Development,Manufacturing Director,4,2,0,2,3,0.0,0.5,0.5,0.75,3,Fast-Track Performers,Low,1,4,1
131,39,Sales,Sales Executive,15,11,5,1,9,0.3333333333333333,0.7333333333333333,0.06666666666666667,0.6,2,High-Risk Stagnation Profile,High,0,3,4
132,25,Sales,Sales Executive,2,2,2,3,2,1.0,1.0,1.5,1.0,4,Promotion-Stalled Employees,High,0,3,1
133,30,Human Resources,Human Resources,11,9,4,2,7,0.36363636363636365,0.8181818181818182,0.18181818181818182,0.6363636363636364,2,High-Risk Stagnation Profile,High,0,4,3
134,32,Research & Development,Laboratory Technician,5,4,0,2,4,0.0,0.8,0.4,0.8,3,Fast-Track Performers,Medium,1,1,1
135,45,Research & Development,Research Scientist,6,5,0,2,3,0.0,0.8333333333333334,0.3333333333333333,0.5,3,Fast-Track Performers,Medium,0,4,3
136,38,Research & Development,Research Scientist,3,2,2,2,2,0.6666666666666666,0.6666666666666666,0.6666666666666666,0.6666666666666666,4,Promotion-Stalled Employees,High,0,3,4
137,30,Research & Development,Research Scientist,5,4,0,4,4,0.0,0.8,0.8,0.8,3,Fast-Track Performers,Medium,0,3,1
138,32,Sales,Sales Executive,8,7,0,2,7,0.0,0.875,0.25,0.875,2,High-Risk Stagnation Profile,High,0,4,4
139,30,Research & Development,Research Scientist,3,2,2,3,2,0.6666666666666666,0.6666666666666666,1.0,0.6666666666666666,4,Promotion-Stalled Employees,High,0,1,4
140,30,Research & Development,Laboratory Technician,5,3,1,3,2,0.2,0.6,0.6,0.4,3,Fast-Track Performers,Low,0,4,2
141,41,Research & Development,Manager,7,6,7,2,7,1.0,0.8571428571428571,0.2857142857142857,1.0,0,High-Risk Stagnation Profile,High,0,1,4
142,41,Research & Development,Laboratory Technician,5,0,1,2,4,0.2,0.0,0.4,0.8,3,Fast-Track Performers,Low,0,1,3
143,19,Research & Development,Laboratory Technician,1,0,0,3,0,0.0,0.0,3.0,0.0,1,Early-Career Explorers,Low,0,2,2
144,40,Research & Development,Research Scientist,20,7,2,2,13,0.1,0.35,0.1,0.65,2,High-Risk Stagnation Profile,Medium,0,2,2
145,35,Sales,Sales Executive,10,8,0,3,6,0.0,0.8,0.3,0.6,2,High-Risk Stagnation Profile,Medium,0,2,3
146,53,Sales,Sales Representative,7,7,4,3,5,0.5714285714285714,1.0,0.42857142857142855,0.7142857142857143,2,High-Risk Stagnation Profile,High,0,3,2
147,45,Research & Development,Laboratory Technician,17,9,0,2,15,0.0,0.5294117647058824,0.11764705882352941,0.8823529411764706,2,High-Risk Stagnation Profile,Medium,0,2,2
148,32,Sales,Sales Executive,9,8,3,2,7,0.3333333333333333,0.8888888888888888,0.2222222222222222,0.7777777777777778,2,High-Risk Stagnation Profile,High,0,4,2
149,29,Research & Development,Manufacturing Director,10,7,0,1,9,0.0,0.7,0.1,0.9,2,High-Risk Stagnation Profile,High,0,3,4
150,51,Research & Development,Manufacturing Director,1,0,0,2,0,0.0,0.0,2.0,0.0,1,Early-Career Explorers,Low,0,3,2
151,58,Research & Development,Research Scientist,1,0,0,3,0,0.0,0.0,3.0,0.0,1,Early-Career Explorers,Low,0,2,2
152,40,Sales,Sales Executive,12,11,2,2,11,0.16666666666666666,0.9166666666666666,0.16666666666666666,0.9166666666666666,2,High-Risk Stagnation Profile,High,0,4,3
153,34,Sales,Sales Representative,4,3,1,3,2,0.25,0.75,0.75,0.5,3,Fast-Track Performers,Medium,0,3,3
154,22,Research & Development,Research Scientist,2,2,2,6,2,1.0,1.0,3.0,1.0,4,Promotion-Stalled Employees,High,0,4,3
155,27,Research & Development,Research Scientist,2,2,2,1,2,1.0,1.0,0.5,1.0,4,Promotion-Stalled Employees,High,0,2,4
156,28,Research & Development,Research Scientist,5,2,0,2,2,0.0,0.4,0.4,0.4,3,Fast-Track Performers,Low,0,4,3
157,57,Research & Development,Healthcare Representative,5,3,1,2,4,0.2,0.6,0.4,0.8,3,Fast-Track Performers,Low,0,4,3
158,27,Research & Development,Research Scientist,1,1,0,2,1,0.0,1.0,2.0,1.0,3,Fast-Track Performers,Medium,0,3,3
159,50,Research & Development,Manager,5,4,4,5,4,0.8,0.8,1.0,0.8,4,Promotion-Stalled Employees,High,0,2,3
160,41,Research & Development,Research Scientist,9,8,1,2,8,0.1111111111111111,0.8888888888888888,0.2222222222222222,0.8888888888888888,2,High-Risk Stagnation Profile,High,0,3,1
161,30,Sales,Sales Executive,10,9,7,2,4,0.7,0.9,0.2,0.4,0,High-Risk Stagnation Profile,High,0,4,2
162,38,Sales,Sales Executive,8,3,0,2,7,0.0,0.375,0.25,0.875,3,Fast-Track Performers,Medium,0,4,1
163,32,Research & Development,Research Scientist,5,4,1,2,4,0.2,0.8,0.4,0.8,3,Fast-Track Performers,Medium,0,3,3
164,27,Research & Development,Research Scientist,5,2,1,3,1,0.2,0.4,0.6,0.2,3,Fast-Track Performers,Low,0,2,3
165,19,Sales,Sales Representative,0,0,0,5,0,0.0,0.0,0.0,0.0,1,Early-Career Explorers,Medium,1,1,3
166,36,Research & Development,Laboratory Technician,8,7,7,3,2,0.875,0.875,0.375,0.25,0,High-Risk Stagnation Profile,High,0,2,4
167,30,Research & Development,Laboratory Technician,12,9,6,4,10,0.5,0.75,0.3333333333333333,0.8333333333333334,0,High-Risk Stagnation Profile,High,0,1,3
168,45,Sales,Sales Executive,5,4,0,3,3,0.0,0.8,0.6,0.6,3,Fast-Track Performers,Medium,0,1,3
169,56,Research & Development,Research Scientist,2,2,2,3,2,1.0,1.0,1.5,1.0,4,Promotion-Stalled Employees,High,0,1,3
170,33,Research & Development,Research Scientist,3,1,0,2,2,0.0,0.3333333333333333,0.6666666666666666,0.6666666666666666,3,Fast-Track Performers,Low,0,4,3
171,19,Research & Development,Laboratory Technician,1,0,1,3,0,1.0,0.0,3.0,0.0,1,Early-Career Explorers,Medium,1,4,2
172,46,Sales,Sales Executive,24,13,15,2,7,0.625,0.5416666666666666,0.08333333333333333,0.2916666666666667,0,High-Risk Stagnation Profile,High,0,1,2
173,38,Research & Development,Laboratory Technician,2,2,2,3,1,1.0,1.0,1.5,0.5,4,Promotion-Stalled Employees,High,0,4,3
174,31,Research & Development,Research Scientist,4,2,0,0,2,0.0,0.5,0.0,0.5,3,Fast-Track Performers,Medium,0,4,3
175,34,Research & Development,Research Scientist,3,2,1,3,2,0.3333333333333333,0.6666666666666666,1.0,0.6666666666666666,3,Fast-Track Performers,Medium,0,2,4
176,41,Sales,Sales Representative,4,3,0,5,2,0.0,0.75,1.25,0.5,3,Fast-Track Performers,Medium,1,2,2
177,50,Research & Development,Laboratory Technician,3,2,0,2,2,0.0,0.6666666666666666,0.6666666666666666,0.6666666666666666,3,Fast-Track Performers,Medium,0,3,3
178,53,Research & Development,Manufacturing Director,4,2,1,3,3,0.25,0.5,0.75,0.75,3,Fast-Track Performers,Low,0,1,4
179,33,Research & Development,Research Scientist,8,7,1,5,6,0.125,0.875,0.625,0.75,2,High-Risk Stagnation Profile,Medium,0,2,4
180,40,Research & Development,Manager,20,8,9,2,9,0.45,0.4,0.1,0.45,0,High-Risk Stagnation Profile,High,0,3,4
181,34,Research & Development,Manufacturing Director,10,9,1,2,9,0.1,0.9,0.2,0.9,2,High-Risk Stagnation Profile,High,0,3,4
182,51,Research & Development,Healthcare Representative,7,7,1,6,0,0.14285714285714285,1.0,0.8571428571428571,0.0,3,Fast-Track Performers,Medium,0,2,4
183,27,Research & Development,Research Scientist,7,7,0,2,3,0.0,1.0,0.2857142857142857,0.42857142857142855,3,Fast-Track Performers,Medium,0,2,4
184,35,Research & Development,Manufacturing Director,1,0,0,1,1,0.0,0.0,1.0,1.0,3,Fast-Track Performers,Low,1,3,2
185,43,Research & Development,Research Scientist,5,4,2,3,2,0.4,0.8,0.6,0.4,3,Fast-Track Performers,Medium,0,4,4
186,45,Research & Development,Manager,20,8,11,1,8,0.55,0.4,0.05,0.4,0,High-Risk Stagnation Profile,High,0,4,1
187,37,Research & Development,Research Scientist,8,7,1,3,7,0.125,0.875,0.375,0.875,2,High-Risk Stagnation Profile,Medium,0,1,2
188,35,Research & Development,Laboratory Technician,6,2,1,5,2,0.16666666666666666,0.3333333333333333,0.8333333333333334,0.3333333333333333,3,Fast-Track Performers,Low,0,2,2
189,42,Research & Development,Manufacturing Director,5,3,0,5,2,0.0,0.6,1.0,0.4,3,Fast-Track Performers,Low,0,3,3
190,38,Research & Development,Manufacturing Director,1,0,0,3,0,0.0,0.0,3.0,0.0,1,Early-Career Explorers,Low,0,3,4
191,38,Research & Development,Manufacturing Director,7,7,1,3,7,0.14285714285714285,1.0,0.42857142857142855,1.0,2,High-Risk Stagnation Profile,Medium,0,4,4
192,27,Research & Development,Manufacturing Director,2,2,2,1,0,1.0,1.0,0.5,0.0,4,Promotion-Stalled Employees,High,0,1,3
193,49,Research & Development,Manufacturing Director,7,7,1,0,7,0.14285714285714285,1.0,0.0,1.0,2,High-Risk Stagnation Profile,High,0,4,4
194,34,Research & Development,Research Scientist,5,3,2,4,0,0.4,0.6,0.8,0.0,3,Fast-Track Performers,Medium,0,3,4
195,40,Research & Development,Laboratory Technician,7,2,3,2,7,0.42857142857142855,0.2857142857142857,0.2857142857142857,1.0,3,Fast-Track Performers,Medium,0,4,3
196,38,Research & Development,Healthcare Representative,1,0,0,2,0,0.0,0.0,2.0,0.0,1,Early-Career Explorers,Low,1,1,2
197,29,Sales,Sales Executive,10,4,1,3,9,0.1,0.4,0.3,0.9,2,High-Risk Stagnation Profile,Medium,1,4,2
198,22,Research & Development,Research Scientist,4,2,2,2,2,0.5,0.5,0.5,0.5,3,Fast-Track Performers,Medium,0,2,4
199,36,Research & Development,Laboratory Technician,8,1,1,2,7,0.125,0.125,0.25,0.875,3,Fast-Track Performers,Medium,0,4,2
200,40,Research & Development,Healthcare Representative,3,2,0,5,2,0.0,0.6666666666666666,1.6666666666666667,0.6666666666666666,3,Fast-Track Performers,Medium,0,4,4
201,46,Research & Development,Healthcare Representative,4,2,0,3,3,0.0,0.5,0.75,0.75,3,Fast-Track Performers,Low,0,1,4
202,32,Sales,Sales Executive,14,8,9,2,8,0.6428571428571429,0.5714285714285714,0.14285714285714285,0.5714285714285714,0,High-Risk Stagnation Profile,High,1,4,4
203,30,Research & Development,Manufacturing Director,11,8,5,2,8,0.45454545454545453,0.7272727272727273,0.18181818181818182,0.7272727272727273,0,High-Risk Stagnation Profile,High,0,3,3
204,27,Sales,Sales Executive,7,7,0,2,7,0.0,1.0,0.2857142857142857,1.0,2,High-Risk Stagnation Profile,High,0,3,4
205,51,Research & Development,Research Director,10,9,4,5,7,0.4,0.9,0.5,0.7,2,High-Risk Stagnation Profile,High,0,2,2
206,30,Research & Development,Research Scientist,5,2,0,5,4,0.0,0.4,1.0,0.8,3,Fast-Track Performers,Low,1,1,4
207,41,Sales,Manager,1,0,0,3,0,0.0,0.0,3.0,0.0,1,Early-Career Explorers,Low,0,4,4
208,30,Sales,Sales Executive,6,3,0,5,1,0.0,0.5,0.8333333333333334,0.16666666666666666,3,Fast-Track Performers,Low,1,1,3
209,29,Research & Development,Research Scientist,6,2,1,1,5,0.16666666666666666,0.3333333333333333,0.16666666666666666,0.8333333333333334,3,Fast-Track Performers,Medium,1,3,3
210,45,Sales,Sales Executive,19,7,12,2,8,0.631578947368421,0.3684210526315789,0.10526315789473684,0.42105263157894735,0,High-Risk Stagnation Profile,High,0,4,4
211,54,Sales,Sales Executive,6,2,0,4,5,0.0,0.3333333333333333,0.6666666666666666,0.8333333333333334,3,Fast-Track Performers,Low,0,1,4
212,36,Research & Development,Laboratory Technician,13,11,3,3,7,0.23076923076923078,0.8461538461538461,0.23076923076923078,0.5384615384615384,2,High-Risk Stagnation Profile,High,0,2,4
213,33,Research & Development,Research Scientist,3,2,1,3,1,0.3333333333333333,0.6666666666666666,1.0,0.3333333333333333,3,Fast-Track Performers,Medium,0,2,3
214,37,Research & Development,Research Director,10,8,0,1,7,0.0,0.8,0.1,0.7,2,High-Risk Stagnation Profile,High,0,4,2
215,38,Sales,Sales Executive,16,10,5,6,13,0.3125,0.625,0.375,0.8125,2,High-Risk Stagnation Profile,High,0,3,1
216,31,Research & Development,Manufacturing Director,5,4,1,2,4,0.2,0.8,0.4,0.8,3,Fast-Track Performers,Medium,0,3,3
217,59,Research & Development,Research Scientist,1,0,0,6,0,0.0,0.0,6.0,0.0,1,Early-Career Explorers,Low,0,4,3
218,37,Sales,Sales Representative,9,8,5,2,8,0.5555555555555556,0.8888888888888888,0.2222222222222222,0.8888888888888888,0,High-Risk Stagnation Profile,High,0,4,1
219,29,Sales,Sales Executive,11,10,4,5,1,0.36363636363636365,0.9090909090909091,0.45454545454545453,0.09090909090909091,2,High-Risk Stagnation Profile,High,0,4,2
220,35,Sales,Sales Executive,10,7,0,3,8,0.0,0.7,0.3,0.8,2,High-Risk Stagnation Profile,Medium,0,3,3
221,29,Research & Development,Research Scientist,4,3,0,3,1,0.0,0.75,0.75,0.25,3,Fast-Track Performers,Medium,1,4,3
222,52,Research & Development,Laboratory Technician,2,2,2,3,2,1.0,1.0,1.5,1.0,4,Promotion-Stalled Employees,High,0,4,3
223,42,Research & Development,Manager,22,17,11,3,15,0.5,0.7727272727272727,0.13636363636363635,0.6818181818181818,0,High-Risk Stagnation Profile,High,0,4,3
224,59,Human Resources,Human Resources,2,2,2,2,2,1.0,1.0,1.0,1.0,4,Promotion-Stalled Employees,High,0,3,2
225,33,Research & Development,Laboratory Technician,5,4,0,2,4,0.0,0.8,0.4,0.8,3,Fast-Track Performers,Medium,1,4,3
226,43,Sales,Manager,17,13,1,3,9,0.058823529411764705,0.7647058823529411,0.17647058823529413,0.5294117647058824,2,High-Risk Stagnation Profile,High,0,4,4
227,33,Research & Development,Laboratory Technician,9,7,1,3,7,0.1111111111111111,0.7777777777777778,0.3333333333333333,0.7777777777777778,2,High-Risk Stagnation Profile,Medium,1,1,1
228,32,Sales,Sales Representative,4,3,1,5,2,0.25,0.75,1.25,0.5,3,Fast-Track Performers,Medium,0,2,3
229,32,Research & Development,Laboratory Technician,3,2,1,2,2,0.3333333333333333,0.6666666666666666,0.6666666666666666,0.6666666666666666,3,Fast-Track Performers,Medium,1,3,4
230,39,Research & Development,Laboratory Technician,3,2,1,1,2,0.3333333333333333,0.6666666666666666,0.3333333333333333,0.6666666666666666,3,Fast-Track Performers,Medium,0,3,3
231,32,Sales,Sales Executive,3,2,2,2,2,0.6666666666666666,0.6666666666666666,0.6666666666666666,0.6666666666666666,4,Promotion-Stalled Employees,High,0,4,3
232,41,Research & Development,Research Scientist,1,0,0,2,0,0.0,0.0,2.0,0.0,1,Early-Career Explorers,Low,0,1,3
233,40,Research & Development,Research Scientist,9,8,4,3,7,0.4444444444444444,0.8888888888888888,0.3333333333333333,0.7777777777777778,2,High-Risk Stagnation Profile,High,0,4,1
234,45,Research & Development,Manager,24,0,1,2,7,0.041666666666666664,0.0,0.08333333333333333,0.2916666666666667,2,High-Risk Stagnation Profile,Medium,0,4,3
235,31,Research & Development,Research Director,2,2,2,3,2,1.0,1.0,1.5,1.0,4,Promotion-Stalled Employees,High,0,3,2
236,33,Research & Development,Research Scientist,2,2,0,2,2,0.0,1.0,1.0,1.0,3,Fast-Track Performers,Medium,0,4,3
237,34,Research & Development,Manufacturing Director,11,9,5,3,9,0.45454545454545453,0.8181818181818182,0.2727272727272727,0.8181818181818182,2,High-Risk Stagnation Profile,High,0,1,4
238,37,Research & Development,Research Scientist,3,1,0,2,2,0.0,0.3333333333333333,0.6666666666666666,0.6666666666666666,3,Fast-Track Performers,Low,0,1,3
239,45,Research & Development,Manufacturing Director,3,2,0,1,2,0.0,0.6666666666666666,0.3333333333333333,0.6666666666666666,3,Fast-Track Performers,Medium,0,3,1
240,37,Research & Development,Manufacturing Director,1,0,0,5,0,0.0,0.0,5.0,0.0,1,Early-Career Explorers,Low,1,3,1
241,39,Research & Development,Healthcare Representative,19,6,11,1,8,0.5789473684210527,0.3157894736842105,0.05263157894736842,0.42105263157894735,0,High-Risk Stagnation Profile,High,0,3,3
242,29,Research & Development,Research Scientist,6,5,1,1,5,0.16666666666666666,0.8333333333333334,0.16666666666666666,0.8333333333333334,3,Fast-Track Performers,Medium,0,4,3
243,42,Research & Development,Research Scientist,3,2,0,1,2,0.0,0.6666666666666666,0.3333333333333333,0.6666666666666666,3,Fast-Track Performers,Medium,0,1,4
244,29,Sales,Sales Executive,3,2,0,2,2,0.0,0.6666666666666666,0.6666666666666666,0.6666666666666666,3,Fast-Track Performers,Medium,0,4,4
245,25,Research & Development,Manufacturing Director,4,2,1,3,2,0.25,0.5,0.75,0.5,3,Fast-Track Performers,Low,0,3,1
246,42,Research & Development,Laboratory Technician,9,6,7,4,8,0.7777777777777778,0.6666666666666666,0.4444444444444444,0.8888888888888888,0,High-Risk Stagnation Profile,High,0,1,4
247,40,Research & Development,Research Director,21,7,3,5,9,0.14285714285714285,0.3333333333333333,0.23809523809523808,0.42857142857142855,2,High-Risk Stagnation Profile,Medium,0,3,1
248,51,Research & Development,Research Scientist,1,0,0,0,0,0.0,0.0,0.0,0.0,1,Early-Career Explorers,Medium,0,4,3
249,31,Research & Development,Laboratory Technician,5,4,1,2,4,0.2,0.8,0.4,0.8,3,Fast-Track Performers,Medium,1,2,3
250,32,Research & Development,Laboratory Technician,5,1,0,3,3,0.0,0.2,0.6,0.6,3,Fast-Track Performers,Low,0,2,2
251,38,Sales,Sales Executive,8,7,7,0,5,0.875,0.875,0.0,0.625,0,High-Risk Stagnation Profile,High,0,4,4
252,32,Research & Development,Laboratory Technician,6,2,0,5,4,0.0,0.3333333333333333,0.8333333333333334,0.6666666666666666,3,Fast-Track Performers,Low,0,1,4
253,46,Sales,Manager,7,7,7,2,7,1.0,1.0,0.2857142857142857,1.0,0,High-Risk Stagnation Profile,High,0,2,3
254,28,Research & Development,Laboratory Technician,0,0,0,5,0,0.0,0.0,0.0,0.0,1,Early-Career Explorers,Medium,1,3,1
255,29,Sales,Sales Executive,0,0,0,2,0,0.0,0.0,0.0,0.0,1,Early-Career Explorers,Medium,0,2,1
256,31,Research & Development,Healthcare Representative,9,0,7,2,8,0.7777777777777778,0.0,0.2222222222222222,0.8888888888888888,0,High-Risk Stagnation Profile,High,0,4,2
257,25,Research & Development,Healthcare Representative,6,3,1,2,5,0.16666666666666666,0.5,0.3333333333333333,0.8333333333333334,3,Fast-Track Performers,Low,0,1,2
258,45,Research & Development,Healthcare Representative,20,7,4,2,10,0.2,0.35,0.1,0.5,2,High-Risk Stagnation Profile,Medium,0,4,3
259,36,Research & Development,Laboratory Technician,15,13,10,4,11,0.6666666666666666,0.8666666666666667,0.26666666666666666,0.7333333333333333,0,High-Risk Stagnation Profile,High,0,4,4
260,47,Research & Development,Manager,10,7,9,2,9,0.9,0.7,0.2,0.9,0,High-Risk Stagnation Profile,High,1,2,1
261,28,Research & Development,Research Scientist,5,2,0,3,4,0.0,0.4,0.6,0.8,3,Fast-Track Performers,Low,0,4,4
262,37,Sales,Sales Executive,5,4,0,5,1,0.0,0.8,1.0,0.2,3,Fast-Track Performers,Medium,0,4,3
263,21,Research & Development,Research Scientist,3,2,1,4,0,0.3333333333333333,0.6666666666666666,1.3333333333333333,0.0,3,Fast-Track Performers,Medium,0,3,4
264,37,Research & Development,Research Director,5,2,0,2,2,0.0,0.4,0.4,0.4,3,Fast-Track Performers,Low,0,4,1
265,35,Research & Development,Manager,7,7,6,6,2,0.8571428571428571,1.0,0.8571428571428571,0.2857142857142857,0,High-Risk Stagnation Profile,High,0,2,2
266,38,Sales,Sales Executive,8,0,7,3,7,0.875,0.0,0.375,0.875,0,High-Risk Stagnation Profile,High,0,1,1
267,26,Research & Development,Manufacturing Director,6,5,1,6,4,0.16666666666666666,0.8333333333333334,1.0,0.6666666666666666,3,Fast-Track Performers,Medium,0,2,3
268,50,Research & Development,Research Director,10,4,1,4,6,0.1,0.4,0.4,0.6,3,Fast-Track Performers,Low,0,2,1
269,53,Research & Development,Research Director,5,3,1,5,3,0.2,0.6,1.0,0.6,3,Fast-Track Performers,Low,0,3,3
270,42,Sales,Sales Executive,20,16,11,3,6,0.55,0.8,0.15,0.3,0,High-Risk Stagnation Profile,High,0,3,2
271,29,Sales,Sales Executive,10,7,0,3,9,0.0,0.7,0.3,0.9,2,High-Risk Stagnation Profile,Medium,0,4,2
272,55,Research & Development,Laboratory Technician,10,7,0,4,8,0.0,0.7,0.4,0.8,2,High-Risk Stagnation Profile,Medium,0,4,2
273,26,Research & Development,Healthcare Representative,5,3,3,3,3,0.6,0.6,0.6,0.6,3,Fast-Track Performers,Medium,0,1,1
274,37,Research & Development,Research Scientist,17,12,5,3,7,0.29411764705882354,0.7058823529411765,0.17647058823529413,0.4117647058823529,2,High-Risk Stagnation Profile,High,0,4,4
275,44,Research & Development,Laboratory Technician,1,0,0,0,0,0.0,0.0,0.0,0.0,1,Early-Career Explorers,Medium,1,3,4
276,38,Research & Development,Healthcare Representative,2,2,1,2,2,0.5,1.0,1.0,1.0,4,Promotion-Stalled Employees,High,0,4,4
277,26,Research & Development,Laboratory Technician,3,2,0,2,2,0.0,0.6666666666666666,0.6666666666666666,0.6666666666666666,3,Fast-Track Performers,Medium,1,2,1
278,28,Research & Development,Research Scientist,5,3,0,3,2,0.0,0.6,0.6,0.4,3,Fast-Track Performers,Low,0,4,4
279,49,Research & Development,Research Director,3,2,1,4,2,0.3333333333333333,0.6666666666666666,1.3333333333333333,0.6666666666666666,3,Fast-Track Performers,Medium,0,1,3
280,36,Research & Development,Research Scientist,8,0,7,2,7,0.875,0.0,0.25,0.875,0,High-Risk Stagnation Profile,High,0,2,3
281,31,Sales,Sales Representative,2,2,2,5,2,1.0,1.0,2.5,1.0,4,Promotion-Stalled Employees,High,0,2,4
282,26,Sales,Sales Executive,8,7,7,0,4,0.875,0.875,0.0,0.5,0,High-Risk Stagnation Profile,High,1,4,4
283,37,Research & Development,Research Scientist,4,2,1,3,2,0.25,0.5,0.75,0.5,3,Fast-Track Performers,Low,0,4,2
284,42,Sales,Sales Executive,20,4,4,2,8,0.2,0.2,0.1,0.4,2,High-Risk Stagnation Profile,Medium,0,2,3
285,18,Research & Development,Laboratory Technician,0,0,0,2,0,0.0,0.0,0.0,0.0,1,Early-Career Explorers,Medium,1,3,3
286,35,Sales,Sales Executive,11,9,6,3,9,0.5454545454545454,0.8181818181818182,0.2727272727272727,0.8181818181818182,0,High-Risk Stagnation Profile,High,0,2,3
287,36,Research & Development,Laboratory Technician,1,0,0,2,0,0.0,0.0,2.0,0.0,1,Early-Career Explorers,Low,0,4,3
288,51,Research & Development,Manufacturing Director,4,1,1,3,2,0.25,0.25,0.75,0.5,3,Fast-Track Performers,Low,0,2,4
289,41,Sales,Manager,22,10,0,2,4,0.0,0.45454545454545453,0.09090909090909091,0.18181818181818182,2,High-Risk Stagnation Profile,Medium,0,2,4
290,18,Sales,Sales Representative,0,0,0,2,0,0.0,0.0,0.0,0.0,1,Early-Career Explorers,Medium,0,3,4
291,28,Research & Development,Healthcare Representative,8,3,0,2,7,0.0,0.375,0.25,0.875,3,Fast-Track Performers,Medium,0,1,2
292,31,Sales,Sales Executive,8,7,7,3,7,0.875,0.875,0.375,0.875,0,High-Risk Stagnation Profile,High,0,4,2
293,39,Research & Development,Healthcare Representative,18,10,3,5,7,0.16666666666666666,0.5555555555555556,0.2777777777777778,0.3888888888888889,2,High-Risk Stagnation Profile,Medium,0,4,3
294,36,Research & Development,Laboratory Technician,9,8,0,3,8,0.0,0.8888888888888888,0.3333333333333333,0.8888888888888888,2,High-Risk Stagnation Profile,Medium,0,2,2
295,32,Sales,Sales Executive,13,8,4,3,8,0.3076923076923077,0.6153846153846154,0.23076923076923078,0.6153846153846154,2,High-Risk Stagnation Profile,High,0,3,4
296,38,Research & Development,Research Director,10,8,0,2,1,0.0,0.8,0.2,0.1,3,Fast-Track Performers,Medium,0,2,1
297,58,Research & Development,Healthcare Representative,5,3,1,2,2,0.2,0.6,0.4,0.4,3,Fast-Track Performers,Low,0,3,4
298,31,Research & Development,Research Scientist,5,2,0,4,3,0.0,0.4,0.8,0.6,3,Fast-Track Performers,Low,0,4,3
299,31,Human Resources,Human Resources,2,2,1,1,0,0.5,1.0,0.5,0.0,3,Fast-Track Performers,Medium,0,1,1
300,45,Research & Development,Laboratory Technician,24,9,9,2,11,0.375,0.375,0.08333333333333333,0.4583333333333333,0,High-Risk Stagnation Profile,High,0,1,1
301,31,Research & Development,Research Scientist,2,2,2,2,2,1.0,1.0,1.0,1.0,4,Promotion-Stalled Employees,High,0,4,3
302,33,Research & Development,Manager,10,6,8,2,8,0.8,0.6,0.2,0.8,0,High-Risk Stagnation Profile,High,0,2,4
303,39,Research & Development,Manager,21,9,11,3,10,0.5238095238095238,0.42857142857142855,0.14285714285714285,0.47619047619047616,0,High-Risk Stagnation Profile,High,0,1,3
304,43,Research & Development,Laboratory Technician,8,7,1,5,7,0.125,0.875,0.625,0.875,2,High-Risk Stagnation Profile,Medium,0,4,3
305,49,Research & Development,Healthcare Representative,7,1,0,2,7,0.0,0.14285714285714285,0.2857142857142857,1.0,3,Fast-Track Performers,Medium,0,3,3
306,52,Research & Development,Research Scientist,8,2,7,3,7,0.875,0.25,0.375,0.875,0,High-Risk Stagnation Profile,High,1,2,3
307,27,Research & Development,Research Scientist,4,3,1,2,2,0.25,0.75,0.5,0.5,3,Fast-Track Performers,Medium,0,2,3
308,32,Sales,Sales Executive,13,12,11,2,9,0.8461538461538461,0.9230769230769231,0.15384615384615385,0.6923076923076923,0,High-Risk Stagnation Profile,High,0,2,3
309,27,Sales,Sales Executive,5,4,0,3,4,0.0,0.8,0.6,0.8,3,Fast-Track Performers,Medium,0,3,4
310,31,Sales,Sales Executive,7,7,1,3,7,0.14285714285714285,1.0,0.42857142857142855,1.0,2,High-Risk Stagnation Profile,Medium,0,4,4
311,32,Research & Development,Research Scientist,7,7,0,0,7,0.0,1.0,0.0,1.0,2,High-Risk Stagnation Profile,High,0,4,1
312,28,Research & Development,Research Scientist,3,2,2,4,2,0.6666666666666666,0.6666666666666666,1.3333333333333333,0.6666666666666666,4,Promotion-Stalled Employees,High,1,4,1
313,30,Research & Development,Research Scientist,10,8,1,2,9,0.1,0.8,0.2,0.9,2,High-Risk Stagnation Profile,High,0,4,4
314,31,Research & Development,Manufacturing Director,10,9,8,2,9,0.8,0.9,0.2,0.9,0,High-Risk Stagnation Profile,High,0,3,3
315,39,Research & Development,Manager,21,9,13,2,3,0.6190476190476191,0.42857142857142855,0.09523809523809523,0.14285714285714285,0,High-Risk Stagnation Profile,High,0,4,3
316,39,Sales,Sales Executive,1,0,0,3,0,0.0,0.0,3.0,0.0,1,Early-Career Explorers,Low,1,3,4
317,33,Sales,Sales Executive,7,7,0,6,1,0.0,1.0,0.8571428571428571,0.14285714285714285,3,Fast-Track Performers,Medium,0,4,2
318,47,Research & Development,Research Director,3,2,1,2,1,0.3333333333333333,0.6666666666666666,0.6666666666666666,0.3333333333333333,3,Fast-Track Performers,Medium,0,3,4
319,43,Research & Development,Laboratory Technician,9,7,0,3,0,0.0,0.7777777777777778,0.3333333333333333,0.0,3,Fast-Track Performers,Medium,0,3,3
320,27,Sales,Sales Executive,5,4,1,0,4,0.2,0.8,0.0,0.8,3,Fast-Track Performers,Medium,0,2,3
321,54,Research & Development,Research Scientist,4,3,0,4,3,0.0,0.75,1.0,0.75,3,Fast-Track Performers,Medium,0,3,4
322,43,Research & Development,Healthcare Representative,1,0,0,1,0,0.0,0.0,1.0,0.0,1,Early-Career Explorers,Low,0,1,3
323,45,Research & Development,Research Scientist,10,9,9,3,8,0.9,0.9,0.3,0.8,0,High-Risk Stagnation Profile,High,0,4,4
324,40,Sales,Sales Executive,4,3,0,2,2,0.0,0.75,0.5,0.5,3,Fast-Track Performers,Medium,0,4,2
325,29,Research & Development,Laboratory Technician,7,7,0,4,7,0.0,1.0,0.5714285714285714,1.0,2,High-Risk Stagnation Profile,Medium,1,1,2
326,29,Research & Development,Laboratory Technician,3,2,2,2,2,0.6666666666666666,0.6666666666666666,0.6666666666666666,0.6666666666666666,4,Promotion-Stalled Employees,High,0,4,2
327,30,Sales,Sales Executive,10,9,1,2,2,0.1,0.9,0.2,0.2,2,High-Risk Stagnation Profile,High,0,3,4
328,27,Sales,Sales Executive,8,7,0,3,7,0.0,0.875,0.375,0.875,2,High-Risk Stagnation Profile,Medium,0,2,2
329,37,Research & Development,Manufacturing Director,6,2,0,2,4,0.0,0.3333333333333333,0.3333333333333333,0.6666666666666666,3,Fast-Track Performers,Low,0,4,4
330,38,Research & Development,Research Director,11,10,2,3,9,0.18181818181818182,0.9090909090909091,0.2727272727272727,0.8181818181818182,2,High-Risk Stagnation Profile,High,0,4,3
331,31,Research & Development,Manufacturing Director,11,9,4,2,10,0.36363636363636365,0.8181818181818182,0.18181818181818182,0.9090909090909091,2,High-Risk Stagnation Profile,High,0,4,3
332,29,Sales,Sales Executive,7,7,1,2,7,0.14285714285714285,1.0,0.2857142857142857,1.0,2,High-Risk Stagnation Profile,High,0,2,4
333,35,Research & Development,Manufacturing Director,16,6,0,5,13,0.0,0.375,0.3125,0.8125,2,High-Risk Stagnation Profile,Medium,0,2,3
334,23,Research & Development,Research Scientist,4,2,0,2,2,0.0,0.5,0.5,0.5,3,Fast-Track Performers,Low,0,4,3
335,41,Research & Development,Manufacturing Director,5,4,1,3,2,0.2,0.8,0.6,0.4,3,Fast-Track Performers,Medium,0,2,4
336,47,Sales,Sales Representative,0,0,0,3,0,0.0,0.0,0.0,0.0,1,Early-Career Explorers,Medium,0,3,2
337,42,Research & Development,Research Director,1,0,0,2,0,0.0,0.0,2.0,0.0,1,Early-Career Explorers,Low,0,4,1
338,29,Sales,Sales Executive,4,3,0,3,2,0.0,0.75,0.75,0.5,3,Fast-Track Performers,Medium,0,3,4
339,42,Human Resources,Human Resources,3,2,1,5,0,0.3333333333333333,0.6666666666666666,1.6666666666666667,0.0,1,Early-Career Explorers,Medium,0,3,3
340,32,Research & Development,Laboratory Technician,8,0,0,4,7,0.0,0.0,0.5,0.875,3,Fast-Track Performers,Low,0,2,3
341,48,Sales,Manager,0,0,0,3,0,0.0,0.0,0.0,0.0,1,Early-Career Explorers,Medium,0,3,1
342,37,Research & Development,Research Scientist,7,7,6,2,7,0.8571428571428571,1.0,0.2857142857142857,1.0,0,High-Risk Stagnation Profile,High,0,1,3
343,30,Sales,Sales Executive,2,2,2,2,2,1.0,1.0,1.0,1.0,4,Promotion-Stalled Employees,High,0,3,4
344,26,Sales,Sales Executive,8,7,7,3,7,0.875,0.875,0.375,0.875,0,High-Risk Stagnation Profile,High,0,3,3
345,42,Research & Development,Healthcare Representative,1,0,0,6,0,0.0,0.0,6.0,0.0,1,Early-Career Explorers,Low,0,4,1
346,21,Sales,Sales Representative,3,2,1,3,2,0.3333333333333333,0.6666666666666666,1.0,0.6666666666666666,3,Fast-Track Performers,Medium,1,2,1
347,36,Sales,Sales Executive,1,0,0,6,0,0.0,0.0,6.0,0.0,1,Early-Career Explorers,Low,0,4,4
348,36,Sales,Sales Executive,13,9,1,2,12,0.07692307692307693,0.6923076923076923,0.15384615384615385,0.9230769230769231,2,High-Risk Stagnation Profile,High,0,4,1
349,57,Research & Development,Healthcare Representative,3,2,1,2,2,0.3333333333333333,0.6666666666666666,0.6666666666666666,0.6666666666666666,3,Fast-Track Performers,Medium,0,3,4
350,40,Research & Development,Laboratory Technician,7,7,1,3,7,0.14285714285714285,1.0,0.42857142857142855,1.0,2,High-Risk Stagnation Profile,Medium,0,3,4
351,21,Sales,Sales Representative,3,2,2,3,2,0.6666666666666666,0.6666666666666666,1.0,0.6666666666666666,4,Promotion-Stalled Employees,High,0,4,1
352,33,Sales,Sales Representative,1,0,0,2,0,0.0,0.0,2.0,0.0,1,Early-Career Explorers,Low,1,3,4
353,37,Research & Development,Laboratory Technician,5,4,0,3,3,0.0,0.8,0.6,0.6,3,Fast-Track Performers,Medium,0,1,3
354,46,Research & Development,Manufacturing Director,1,0,0,2,0,0.0,0.0,2.0,0.0,1,Early-Career Explorers,Low,0,3,3
355,41,Sales,Sales Executive,8,7,7,5,7,0.875,0.875,0.625,0.875,0,High-Risk Stagnation Profile,High,1,2,1
356,50,Research & Development,Healthcare Representative,4,3,1,2,3,0.25,0.75,0.5,0.75,3,Fast-Track Performers,Medium,0,4,4
357,40,Sales,Sales Executive,6,4,1,6,0,0.16666666666666666,0.6666666666666666,1.0,0.0,3,Fast-Track Performers,Medium,1,3,3
358,31,Research & Development,Research Scientist,2,2,2,5,2,1.0,1.0,2.5,1.0,4,Promotion-Stalled Employees,High,0,2,3
359,21,Sales,Sales Representative,1,0,0,0,0,0.0,0.0,0.0,0.0,1,Early-Career Explorers,Medium,1,2,3
360,29,Research & Development,Research Scientist,3,2,1,4,2,0.3333333333333333,0.6666666666666666,1.3333333333333333,0.6666666666666666,3,Fast-Track Performers,Medium,0,4,4
361,35,Research & Development,Healthcare Representative,1,1,0,5,0,0.0,1.0,5.0,0.0,1,Early-Career Explorers,Medium,0,2,3
362,27,Research & Development,Laboratory Technician,5,2,0,2,4,0.0,0.4,0.4,0.8,3,Fast-Track Performers,Low,0,2,4
363,28,Sales,Sales Executive,7,5,0,1,7,0.0,0.7142857142857143,0.14285714285714285,1.0,2,High-Risk Stagnation Profile,High,0,4,2
364,49,Research & Development,Healthcare Representative,5,2,0,2,0,0.0,0.4,0.4,0.0,3,Fast-Track Performers,Low,0,3,2
365,51,Sales,Sales Executive,7,7,0,2,7,0.0,1.0,0.2857142857142857,1.0,2,High-Risk Stagnation Profile,High,0,4,3
366,36,Research & Development,Research Scientist,2,2,2,3,2,1.0,1.0,1.5,1.0,4,Promotion-Stalled Employees,High,0,3,4
367,34,Sales,Sales Executive,5,2,0,3,4,0.0,0.4,0.6,0.8,3,Fast-Track Performers,Low,1,4,1
368,24,Sales,Sales Executive,5,2,0,2,3,0.0,0.4,0.4,0.6,3,Fast-Track Performers,Low,0,3,4
369,30,Sales,Sales Representative,1,0,0,3,0,0.0,0.0,3.0,0.0,1,Early-Career Explorers,Low,0,2,3
370,26,Research & Development,Research Scientist,6,4,0,2,4,0.0,0.6666666666666666,0.3333333333333333,0.6666666666666666,3,Fast-Track Performers,Medium,1,1,3
371,22,Research & Development,Research Scientist,2,1,1,1,2,0.5,0.5,0.5,1.0,3,Fast-Track Performers,Medium,0,2,1
372,36,Sales,Sales Executive,10,9,9,2,0,0.9,0.9,0.2,0.0,0,High-Risk Stagnation Profile,High,0,3,2
373,30,Research & Development,Research Scientist,1,0,0,4,0,0.0,0.0,4.0,0.0,1,Early-Career Explorers,Low,1,4,3
374,37,Research & Development,Laboratory Technician,18,7,12,2,17,0.6666666666666666,0.3888888888888889,0.1111111111111111,0.9444444444444444,0,High-Risk Stagnation Profile,High,0,1,4
375,40,Sales,Sales Executive,5,4,1,5,3,0.2,0.8,1.0,0.6,3,Fast-Track Performers,Medium,0,2,4
376,42,Research & Development,Laboratory Technician,5,2,1,5,2,0.2,0.4,1.0,0.4,3,Fast-Track Performers,Low,0,1,2
377,37,Research & Development,Manufacturing Director,1,0,0,2,1,0.0,0.0,2.0,1.0,3,Fast-Track Performers,Low,0,2,3
378,43,Research & Development,Research Director,25,10,3,3,9,0.12,0.4,0.12,0.36,2,High-Risk Stagnation Profile,Medium,0,2,1
379,40,Research & Development,Laboratory Technician,1,0,0,3,0,0.0,0.0,3.0,0.0,1,Early-Career Explorers,Low,0,3,2
380,54,Research & Development,Research Director,4,2,1,4,2,0.25,0.5,1.0,0.5,3,Fast-Track Performers,Low,0,1,1
381,34,Sales,Sales Executive,3,2,1,3,2,0.3333333333333333,0.6666666666666666,1.0,0.6666666666666666,3,Fast-Track Performers,Medium,0,3,3
382,31,Research & Development,Manufacturing Director,13,10,3,5,12,0.23076923076923078,0.7692307692307693,0.38461538461538464,0.9230769230769231,2,High-Risk Stagnation Profile,Medium,0,1,2
383,43,Research & Development,Laboratory Technician,3,2,1,1,2,0.3333333333333333,0.6666666666666666,0.3333333333333333,0.6666666666666666,3,Fast-Track Performers,Medium,0,4,4
384,43,Research & Development,Healthcare Representative,5,2,0,3,2,0.0,0.4,0.6,0.4,3,Fast-Track Performers,Low,0,3,3
385,25,Sales,Sales Executive,5,4,1,3,3,0.2,0.8,0.6,0.6,3,Fast-Track Performers,Medium,0,4,2
386,37,Research & Development,Research Scientist,13,11,10,2,7,0.7692307692307693,0.8461538461538461,0.15384615384615385,0.5384615384615384,0,High-Risk Stagnation Profile,High,0,3,2
387,31,Research & Development,Laboratory Technician,4,2,3,3,2,0.75,0.5,0.75,0.5,4,Promotion-Stalled Employees,High,0,1,4
388,39,Research & Development,Manager,21,8,1,3,6,0.047619047619047616,0.38095238095238093,0.14285714285714285,0.2857142857142857,2,High-Risk Stagnation Profile,Medium,0,3,2
389,30,Sales,Sales Executive,5,4,4,6,4,0.8,0.8,1.2,0.8,4,Promotion-Stalled Employees,High,0,3,2
390,41,Sales,Sales Executive,10,7,0,2,7,0.0,0.7,0.2,0.7,2,High-Risk Stagnation Profile,High,0,1,2
391,28,Research & Development,Laboratory Technician,10,0,1,2,8,0.1,0.0,0.2,0.8,3,Fast-Track Performers,Medium,0,1,3
392,25,Research & Development,Laboratory Technician,2,2,0,5,2,0.0,1.0,2.5,1.0,3,Fast-Track Performers,Medium,1,1,1
393,52,Research & Development,Manufacturing Director,5,4,0,4,4,0.0,0.8,0.8,0.8,3,Fast-Track Performers,Medium,0,3,4
394,45,Research & Development,Research Scientist,2,2,0,3,2,0.0,1.0,1.5,1.0,3,Fast-Track Performers,Medium,0,4,1
395,42,Research & Development,Research Scientist,5,4,0,3,2,0.0,0.8,0.6,0.4,3,Fast-Track Performers,Medium,0,3,1
396,30,Research & Development,Manufacturing Director,5,4,0,2,2,0.0,0.8,0.4,0.4,3,Fast-Track Performers,Medium,0,4,3
397,46,Research & Development,Manufacturing Director,10,7,0,5,8,0.0,0.7,0.5,0.8,2,High-Risk Stagnation Profile,Medium,0,3,3
398,42,Research & Development,Healthcare Representative,6,5,0,4,4,0.0,0.8333333333333334,0.6666666666666666,0.6666666666666666,3,Fast-Track Performers,Medium,0,4,4
399,24,Sales,Sales Representative,5,3,1,4,4,0.2,0.6,0.8,0.8,3,Fast-Track Performers,Low,1,2,1
400,34,Sales,Sales Representative,2,2,1,3,0,0.5,1.0,1.5,0.0,3,Fast-Track Performers,Medium,1,3,4
401,38,Research & Development,Laboratory Technician,1,0,0,3,0,0.0,0.0,3.0,0.0,1,Early-Career Explorers,Low,0,4,4
402,40,Sales,Manager,20,15,1,2,12,0.05,0.75,0.1,0.6,2,High-Risk Stagnation Profile,High,0,3,3
403,26,Research & Development,Research Scientist,3,2,0,3,2,0.0,0.6666666666666666,1.0,0.6666666666666666,3,Fast-Track Performers,Medium,0,4,1
404,30,Research & Development,Laboratory Technician,5,3,1,3,4,0.2,0.6,0.6,0.8,3,Fast-Track Performers,Low,0,4,3
405,29,Research & Development,Research Director,10,2,0,2,7,0.0,0.2,0.2,0.7,3,Fast-Track Performers,Medium,0,3,2
406,29,Research & Development,Research Scientist,2,2,1,2,1,0.5,1.0,1.0,0.5,4,Promotion-Stalled Employees,High,1,2,3
407,19,Human Resources,Human Resources,1,0,0,3,0,0.0,0.0,3.0,0.0,1,Early-Career Explorers,Low,1,4,1
408,30,Sales,Sales Executive,9,8,7,3,8,0.7777777777777778,0.8888888888888888,0.3333333333333333,0.8888888888888888,0,High-Risk Stagnation Profile,High,0,1,3
409,50,Research & Development,Manager,27,10,15,2,7,0.5555555555555556,0.37037037037037035,0.07407407407407407,0.25925925925925924,0,High-Risk Stagnation Profile,High,0,3,2
410,30,Research & Development,Laboratory Technician,11,7,6,2,7,0.5454545454545454,0.6363636363636364,0.18181818181818182,0.6363636363636364,0,High-Risk Stagnation Profile,High,0,4,3
411,60,Sales,Sales Executive,18,13,13,5,11,0.7222222222222222,0.7222222222222222,0.2777777777777778,0.6111111111111112,0,High-Risk Stagnation Profile,High,0,1,3
412,47,Research & Development,Manufacturing Director,5,0,0,2,4,0.0,0.0,0.4,0.8,3,Fast-Track Performers,Low,0,4,1
413,46,Research & Development,Research Director,3,2,0,2,1,0.0,0.6666666666666666,0.6666666666666666,0.3333333333333333,3,Fast-Track Performers,Medium,0,3,1
414,35,Research & Development,Laboratory Technician,5,4,4,2,3,0.8,0.8,0.4,0.6,4,Promotion-Stalled Employees,High,0,3,4
415,54,Research & Development,Laboratory Technician,1,0,0,3,0,0.0,0.0,3.0,0.0,1,Early-Career Explorers,Low,0,3,3
416,34,Research & Development,Research Scientist,7,3,5,3,7,0.7142857142857143,0.42857142857142855,0.42857142857142855,1.0,0,High-Risk Stagnation Profile,High,0,3,4
417,46,Sales,Sales Executive,3,2,1,3,2,0.3333333333333333,0.6666666666666666,1.0,0.6666666666666666,3,Fast-Track Performers,Medium,0,4,3
418,31,Research & Development,Manufacturing Director,13,8,0,6,8,0.0,0.6153846153846154,0.46153846153846156,0.6153846153846154,2,High-Risk Stagnation Profile,Medium,0,2,3
419,33,Research & Development,Manager,7,6,7,2,7,1.0,0.8571428571428571,0.2857142857142857,1.0,0,High-Risk Stagnation Profile,High,1,3,2
420,33,Research & Development,Laboratory Technician,4,3,1,2,3,0.25,0.75,0.5,0.75,3,Fast-Track Performers,Medium,1,4,1
421,30,Sales,Sales Representative,3,2,1,3,2,0.3333333333333333,0.6666666666666666,1.0,0.6666666666666666,3,Fast-Track Performers,Medium,0,2,4
422,35,Research & Development,Healthcare Representative,8,7,0,2,0,0.0,0.875,0.25,0.0,3,Fast-Track Performers,Medium,0,3,4
423,31,Research & Development,Healthcare Representative,1,0,0,2,0,0.0,0.0,2.0,0.0,1,Early-Career Explorers,Low,1,3,1
424,34,Human Resources,Human Resources,3,2,0,2,2,0.0,0.6666666666666666,0.6666666666666666,0.6666666666666666,3,Fast-Track Performers,Medium,1,1,2
425,42,Research & Development,Laboratory Technician,2,2,2,4,0,1.0,1.0,2.0,0.0,4,Promotion-Stalled Employees,High,0,3,2
426,36,Sales,Sales Executive,10,3,9,3,7,0.9,0.3,0.3,0.7,0,High-Risk Stagnation Profile,High,0,4,2
427,22,Research & Development,Laboratory Technician,2,2,1,3,2,0.5,1.0,1.5,1.0,4,Promotion-Stalled Employees,High,1,3,3
428,48,Sales,Sales Executive,9,7,6,2,7,0.6666666666666666,0.7777777777777778,0.2222222222222222,0.7777777777777778,0,High-Risk Stagnation Profile,High,0,4,2
429,41,Sales,Sales Executive,14,3,1,3,10,0.07142857142857142,0.21428571428571427,0.21428571428571427,0.7142857142857143,2,High-Risk Stagnation Profile,Medium,0,4,4
430,35,Sales,Sales Executive,11,9,6,2,9,0.5454545454545454,0.8181818181818182,0.18181818181818182,0.8181818181818182,0,High-Risk Stagnation Profile,High,0,3,2
431,40,Research & Development,Manufacturing Director,20,6,5,3,13,0.25,0.3,0.15,0.65,2,High-Risk Stagnation Profile,Medium,0,3,2
432,39,Research & Development,Laboratory Technician,8,3,0,3,7,0.0,0.375,0.375,0.875,3,Fast-Track Performers,Low,0,3,3
433,31,Sales,Sales Executive,6,5,0,2,5,0.0,0.8333333333333334,0.3333333333333333,0.8333333333333334,3,Fast-Track Performers,Medium,0,4,2
434,42,Research & Development,Manufacturing Director,10,9,5,5,8,0.5,0.9,0.5,0.8,2,High-Risk Stagnation Profile,High,0,1,4
435,45,Sales,Sales Executive,8,7,3,3,7,0.375,0.875,0.375,0.875,2,High-Risk Stagnation Profile,High,0,2,4
436,26,Human Resources,Human Resources,7,7,1,2,0,0.14285714285714285,1.0,0.2857142857142857,0.0,3,Fast-Track Performers,Medium,1,3,2
437,29,Research & Development,Manufacturing Director,3,2,1,2,2,0.3333333333333333,0.6666666666666666,0.6666666666666666,0.6666666666666666,3,Fast-Track Performers,Medium,0,4,4
438,33,Research & Development,Research Director,6,1,0,2,5,0.0,0.16666666666666666,0.3333333333333333,0.8333333333333334,3,Fast-Track Performers,Low,0,3,1
439,31,Sales,Manager,5,4,0,3,1,0.0,0.8,0.6,0.2,3,Fast-Track Performers,Medium,0,4,3
440,18,Sales,Sales Representative,0,0,0,3,0,0.0,0.0,0.0,0.0,1,Early-Career Explorers,Medium,1,2,2
441,40,Sales,Sales Executive,1,0,0,2,1,0.0,0.0,2.0,1.0,3,Fast-Track Performers,Low,0,1,3
442,41,Research & Development,Healthcare Representative,8,7,0,3,7,0.0,0.875,0.375,0.875,2,High-Risk Stagnation Profile,Medium,0,3,1
443,26,Sales,Sales Executive,0,0,0,5,0,0.0,0.0,0.0,0.0,1,Early-Career Explorers,Medium,0,3,1
444,35,Sales,Sales Executive,5,4,0,3,3,0.0,0.8,0.6,0.6,3,Fast-Track Performers,Medium,0,3,1
445,34,Sales,Sales Executive,10,7,5,3,7,0.5,0.7,0.3,0.7,0,High-Risk Stagnation Profile,High,0,4,4
446,26,Research & Development,Laboratory Technician,1,0,0,3,0,0.0,0.0,3.0,0.0,1,Early-Career Explorers,Low,1,4,3
447,37,Research & Development,Manufacturing Director,6,5,1,3,2,0.16666666666666666,0.8333333333333334,0.5,0.3333333333333333,3,Fast-Track Performers,Medium,0,4,2
448,46,Research & Development,Healthcare Representative,2,2,1,3,2,0.5,1.0,1.5,1.0,4,Promotion-Stalled Employees,High,0,3,1
449,41,Sales,Manager,18,16,11,2,8,0.6111111111111112,0.8888888888888888,0.1111111111111111,0.4444444444444444,0,High-Risk Stagnation Profile,High,0,1,2
450,37,Sales,Sales Executive,9,5,7,6,7,0.7777777777777778,0.5555555555555556,0.6666666666666666,0.7777777777777778,0,High-Risk Stagnation Profile,High,0,2,1
451,52,Research & Development,Research Scientist,10,9,6,3,9,0.6,0.9,0.3,0.9,0,High-Risk Stagnation Profile,High,0,1,4
452,32,Sales,Sales Executive,4,2,1,2,2,0.25,0.5,0.5,0.5,3,Fast-Track Performers,Low,1,3,4
453,24,Sales,Sales Representative,2,2,2,3,1,1.0,1.0,1.5,0.5,4,Promotion-Stalled Employees,High,0,4,4
454,38,Research & Development,Healthcare Representative,1,0,0,4,0,0.0,0.0,4.0,0.0,1,Early-Career Explorers,Low,0,3,3
455,37,Research & Development,Manufacturing Director,6,5,4,2,3,0.6666666666666666,0.8333333333333334,0.3333333333333333,0.5,4,Promotion-Stalled Employees,High,0,2,2
456,24,Research & Development,Research Scientist,6,5,1,3,4,0.16666666666666666,0.8333333333333334,0.5,0.6666666666666666,3,Fast-Track Performers,Medium,0,4,2
457,26,Sales,Sales Executive,5,3,1,5,4,0.2,0.6,1.0,0.8,3,Fast-Track Performers,Low,0,2,1
458,24,Research & Development,Laboratory Technician,1,0,0,2,0,0.0,0.0,2.0,0.0,1,Early-Career Explorers,Low,0,2,4
459,25,Sales,Sales Representative,7,4,0,1,6,0.0,0.5714285714285714,0.14285714285714285,0.8571428571428571,3,Fast-Track Performers,Medium,0,3,2
460,24,Research & Development,Laboratory Technician,6,3,1,4,2,0.16666666666666666,0.5,0.6666666666666666,0.3333333333333333,3,Fast-Track Performers,Low,1,3,1
461,30,Sales,Sales Representative,1,0,0,2,0,0.0,0.0,2.0,0.0,1,Early-Career Explorers,Low,1,1,2
462,34,Research & Development,Research Scientist,6,5,1,3,3,0.16666666666666666,0.8333333333333334,0.5,0.5,3,Fast-Track Performers,Medium,0,4,2
463,31,Sales,Sales Executive,3,1,1,2,2,0.3333333333333333,0.3333333333333333,0.6666666666666666,0.6666666666666666,3,Fast-Track Performers,Medium,1,1,2
464,35,Research & Development,Laboratory Technician,3,2,0,3,2,0.0,0.6666666666666666,1.0,0.6666666666666666,3,Fast-Track Performers,Medium,0,4,1
465,31,Sales,Sales Executive,7,7,5,4,7,0.7142857142857143,1.0,0.5714285714285714,1.0,0,High-Risk Stagnation Profile,High,0,4,1
466,27,Research & Development,Research Scientist,5,3,0,5,3,0.0,0.6,1.0,0.6,3,Fast-Track Performers,Low,0,3,1
467,37,Sales,Sales Executive,3,0,1,3,0,0.3333333333333333,0.0,1.0,0.0,1,Early-Career Explorers,Medium,0,3,4
468,20,Research & Development,Research Scientist,1,0,0,0,0,0.0,0.0,0.0,0.0,1,Early-Career Explorers,Medium,0,2,4
469,42,Research & Development,Healthcare Representative,10,2,2,4,2,0.2,0.2,0.4,0.2,3,Fast-Track Performers,Low,0,4,3
470,43,Research & Development,Research Director,1,0,0,3,0,0.0,0.0,3.0,0.0,1,Early-Career Explorers,Low,0,4,2
471,38,Research & Development,Research Scientist,0,0,0,3,0,0.0,0.0,0.0,0.0,1,Early-Career Explorers,Medium,0,1,3
472,43,Research & Development,Laboratory Technician,8,7,4,3,7,0.5,0.875,0.375,0.875,2,High-Risk Stagnation Profile,High,0,3,4
473,48,Research & Development,Manager,3,2,0,3,2,0.0,0.6666666666666666,1.0,0.6666666666666666,3,Fast-Track Performers,Medium,0,1,4
474,44,Human Resources,Human Resources,2,2,0,1,2,0.0,1.0,0.5,1.0,3,Fast-Track Performers,Medium,0,3,1
475,34,Sales,Sales Representative,8,2,0,3,6,0.0,0.25,0.375,0.75,3,Fast-Track Performers,Low,0,3,3
476,27,Sales,Sales Representative,4,3,0,3,2,0.0,0.75,0.75,0.5,3,Fast-Track Performers,Medium,1,1,3
477,21,Sales,Sales Representative,3,2,1,2,2,0.3333333333333333,0.6666666666666666,0.6666666666666666,0.6666666666666666,3,Fast-Track Performers,Medium,0,3,3
478,44,Research & Development,Manager,2,2,0,2,1,0.0,1.0,1.0,0.5,3,Fast-Track Performers,Medium,0,4,4
479,22,Research & Development,Research Scientist,2,2,2,3,2,1.0,1.0,1.5,1.0,4,Promotion-Stalled Employees,High,0,3,1
480,33,Sales,Sales Executive,5,0,1,3,2,0.2,0.0,0.6,0.4,3,Fast-Track Performers,Low,0,3,3
481,32,Research & Development,Research Scientist,6,4,0,2,5,0.0,0.6666666666666666,0.3333333333333333,0.8333333333333334,3,Fast-Track Performers,Medium,0,4,1
482,30,Research & Development,Research Scientist,1,0,0,2,0,0.0,0.0,2.0,0.0,1,Early-Career Explorers,Low,0,3,3
483,53,Sales,Sales Executive,14,7,8,2,10,0.5714285714285714,0.5,0.14285714285714285,0.7142857142857143,0,High-Risk Stagnation Profile,High,0,1,4
484,34,Research & Development,Research Scientist,10,9,8,4,8,0.8,0.9,0.4,0.8,0,High-Risk Stagnation Profile,High,0,4,2
485,45,Sales,Sales Executive,1,1,0,4,0,0.0,1.0,4.0,0.0,1,Early-Career Explorers,Medium,1,1,1
486,26,Research & Development,Laboratory Technician,3,2,0,2,2,0.0,0.6666666666666666,0.6666666666666666,0.6666666666666666,3,Fast-Track Performers,Medium,0,4,3
487,37,Research & Development,Manufacturing Director,10,7,7,2,8,0.7,0.7,0.2,0.8,0,High-Risk Stagnation Profile,High,0,3,3
488,29,Sales,Sales Executive,6,0,1,5,2,0.16666666666666666,0.0,0.8333333333333334,0.3333333333333333,1,Early-Career Explorers,Low,0,3,2
489,35,Research & Development,Research Scientist,17,11,11,3,8,0.6470588235294118,0.6470588235294118,0.17647058823529413,0.47058823529411764,0,High-Risk Stagnation Profile,High,0,4,2
490,33,Research & Development,Healthcare Representative,13,11,4,2,7,0.3076923076923077,0.8461538461538461,0.15384615384615385,0.5384615384615384,2,High-Risk Stagnation Profile,High,0,4,3
491,54,Human Resources,Human Resources,9,7,7,1,1,0.7777777777777778,0.7777777777777778,0.1111111111111111,0.1111111111111111,0,High-Risk Stagnation Profile,High,0,2,3
492,36,Research & Development,Manufacturing Director,3,2,0,2,2,0.0,0.6666666666666666,0.6666666666666666,0.6666666666666666,3,Fast-Track Performers,Medium,0,2,2
493,27,Research & Development,Research Scientist,4,2,1,0,1,0.25,0.5,0.0,0.25,3,Fast-Track Performers,Medium,0,4,1
494,20,Research & Development,Research Scientist,1,0,1,5,1,1.0,0.0,5.0,1.0,4,Promotion-Stalled Employees,High,1,3,4
495,33,Research & Development,Research Scientist,10,8,9,3,7,0.9,0.8,0.3,0.7,0,High-Risk Stagnation Profile,High,1,1,1
496,35,Research & Development,Laboratory Technician,1,0,0,3,0,0.0,0.0,3.0,0.0,1,Early-Career Explorers,Low,0,3,3
497,23,Research & Development,Research Scientist,3,2,0,3,2,0.0,0.6666666666666666,1.0,0.6666666666666666,3,Fast-Track Performers,Medium,0,1,1
498,25,Sales,Sales Executive,3,2,1,4,2,0.3333333333333333,0.6666666666666666,1.3333333333333333,0.6666666666666666,3,Fast-Track Performers,Medium,0,2,4
499,38,Sales,Sales Executive,7,7,0,2,5,0.0,1.0,0.2857142857142857,0.7142857142857143,2,High-Risk Stagnation Profile,High,0,4,4
500,29,Research & Development,Research Scientist,10,7,2,5,8,0.2,0.7,0.5,0.8,2,High-Risk Stagnation Profile,Medium,0,4,2
501,48,Sales,Sales Executive,2,2,2,3,2,1.0,1.0,1.5,1.0,4,Promotion-Stalled Employees,High,0,2,2
502,27,Sales,Sales Executive,6,5,0,3,4,0.0,0.8333333333333334,0.5,0.6666666666666666,3,Fast-Track Performers,Medium,0,4,4
503,37,Research & Development,Research Scientist,1,0,0,2,0,0.0,0.0,2.0,0.0,1,Early-Career Explorers,Low,0,4,4
504,50,Research & Development,Laboratory Technician,20,8,3,3,8,0.15,0.4,0.15,0.4,2,High-Risk Stagnation Profile,Medium,0,3,4
505,34,Research & Development,Healthcare Representative,8,7,7,3,7,0.875,0.875,0.375,0.875,0,High-Risk Stagnation Profile,High,0,2,4
506,24,Sales,Sales Executive,2,2,2,3,0,1.0,1.0,1.5,0.0,4,Promotion-Stalled Employees,High,1,3,1
507,39,Research & Development,Healthcare Representative,20,7,11,4,10,0.55,0.35,0.2,0.5,0,High-Risk Stagnation Profile,High,0,3,4
508,32,Sales,Sales Executive,10,7,0,2,8,0.0,0.7,0.2,0.8,2,High-Risk Stagnation Profile,High,0,4,4
509,50,Sales,Sales Executive,4,3,1,4,3,0.25,0.75,1.0,0.75,3,Fast-Track Performers,Medium,1,3,2
510,38,Research & Development,Healthcare Representative,9,7,1,4,8,0.1111111111111111,0.7777777777777778,0.4444444444444444,0.8888888888888888,2,High-Risk Stagnation Profile,Medium,0,4,2
511,27,Research & Development,Manufacturing Director,9,7,0,3,7,0.0,0.7777777777777778,0.3333333333333333,0.7777777777777778,2,High-Risk Stagnation Profile,Medium,0,1,3
512,32,Research & Development,Research Director,7,7,7,6,7,1.0,1.0,0.8571428571428571,1.0,0,High-Risk Stagnation Profile,High,0,4,3
513,47,Sales,Sales Executive,7,7,1,2,7,0.14285714285714285,1.0,0.2857142857142857,1.0,2,High-Risk Stagnation Profile,High,0,1,4
514,40,Sales,Sales Executive,18,13,1,2,12,0.05555555555555555,0.7222222222222222,0.1111111111111111,0.6666666666666666,2,High-Risk Stagnation Profile,High,0,1,4
515,41,Human Resources,Manager,21,6,12,2,6,0.5714285714285714,0.2857142857142857,0.09523809523809523,0.2857142857142857,0,High-Risk Stagnation Profile,High,0,4,2
516,60,Sales,Sales Executive,2,2,2,1,2,1.0,1.0,0.5,1.0,4,Promotion-Stalled Employees,High,0,1,1
517,27,Research & Development,Manufacturing Director,9,7,1,4,7,0.1111111111111111,0.7777777777777778,0.4444444444444444,0.7777777777777778,2,High-Risk Stagnation Profile,Medium,0,1,4
518,41,Human Resources,Manager,22,7,2,3,10,0.09090909090909091,0.3181818181818182,0.13636363636363635,0.45454545454545453,2,High-Risk Stagnation Profile,Medium,0,3,4
519,50,Sales,Sales Representative,2,2,2,2,2,1.0,1.0,1.0,1.0,4,Promotion-Stalled Employees,High,0,2,4
520,28,Research & Development,Research Scientist,7,7,3,4,7,0.42857142857142855,1.0,0.5714285714285714,1.0,2,High-Risk Stagnation Profile,High,1,2,1
521,36,Research & Development,Research Director,8,7,0,2,5,0.0,0.875,0.25,0.625,2,High-Risk Stagnation Profile,High,0,1,1
522,38,Research & Development,Manufacturing Director,1,0,0,4,0,0.0,0.0,4.0,0.0,1,Early-Career Explorers,Low,0,3,3
523,44,Research & Development,Laboratory Technician,5,2,1,5,4,0.2,0.4,1.0,0.8,3,Fast-Track Performers,Low,0,3,1
524,47,Sales,Sales Executive,22,2,11,2,13,0.5,0.09090909090909091,0.09090909090909091,0.5909090909090909,0,High-Risk Stagnation Profile,High,0,3,4
525,30,Sales,Sales Executive,8,7,7,2,7,0.875,0.875,0.25,0.875,0,High-Risk Stagnation Profile,High,0,4,3
526,29,Sales,Sales Representative,1,0,0,6,0,0.0,0.0,6.0,0.0,1,Early-Career Explorers,Low,0,3,3
527,42,Research & Development,Research Scientist,2,2,2,2,2,1.0,1.0,1.0,1.0,4,Promotion-Stalled Employees,High,1,3,3
528,43,Sales,Sales Executive,2,2,2,5,2,1.0,1.0,2.5,1.0,4,Promotion-Stalled Employees,High,0,4,4
529,34,Research & Development,Healthcare Representative,5,1,4,2,3,0.8,0.2,0.4,0.6,4,Promotion-Stalled Employees,High,0,3,2
530,23,Research & Development,Laboratory Technician,4,3,0,2,2,0.0,0.75,0.5,0.5,3,Fast-Track Performers,Medium,0,1,2
531,39,Human Resources,Human Resources,8,3,3,3,6,0.375,0.375,0.375,0.75,3,Fast-Track Performers,Medium,0,2,3
532,40,Research & Development,Research Scientist,4,2,2,2,3,0.5,0.5,0.5,0.75,3,Fast-Track Performers,Medium,0,4,4
533,27,Research & Development,Healthcare Representative,7,6,0,2,7,0.0,0.8571428571428571,0.2857142857142857,1.0,2,High-Risk Stagnation Profile,High,0,1,4
534,29,Sales,Sales Representative,2,2,2,2,2,1.0,1.0,1.0,1.0,4,Promotion-Stalled Employees,High,0,2,4
535,53,Research & Development,Laboratory Technician,2,2,2,4,2,1.0,1.0,2.0,1.0,4,Promotion-Stalled Employees,High,0,4,4
536,35,Research & Development,Healthcare Representative,1,0,0,2,0,0.0,0.0,2.0,0.0,1,Early-Career Explorers,Low,0,1,4
537,32,Research & Development,Laboratory Technician,10,8,4,2,7,0.4,0.8,0.2,0.7,2,High-Risk Stagnation Profile,High,0,4,1
538,38,Research & Development,Research Scientist,1,0,0,0,1,0.0,0.0,0.0,1.0,3,Fast-Track Performers,Medium,0,3,4
539,34,Research & Development,Manufacturing Director,0,0,0,3,0,0.0,0.0,0.0,0.0,1,Early-Career Explorers,Medium,0,1,2
540,33,Research & Development,Research Scientist,10,9,7,2,8,0.7,0.9,0.2,0.8,0,High-Risk Stagnation Profile,High,1,4,4
541,25,Sales,Sales Executive,6,5,1,5,4,0.16666666666666666,0.8333333333333334,0.8333333333333334,0.6666666666666666,3,Fast-Track Performers,Medium,0,4,3
542,45,Sales,Sales Representative,8,7,3,3,1,0.375,0.875,0.375,0.125,3,Fast-Track Performers,Medium,0,3,2
543,23,Research & Development,Research Scientist,2,2,0,3,2,0.0,1.0,1.5,1.0,3,Fast-Track Performers,Medium,0,3,1
544,47,Sales,Sales Executive,5,4,1,2,3,0.2,0.8,0.4,0.6,3,Fast-Track Performers,Medium,1,3,2
545,34,Sales,Sales Executive,6,5,1,5,4,0.16666666666666666,0.8333333333333334,0.8333333333333334,0.6666666666666666,3,Fast-Track Performers,Medium,0,4,4
546,55,Research & Development,Manager,5,2,1,2,4,0.2,0.4,0.4,0.8,3,Fast-Track Performers,Low,1,1,4
547,36,Sales,Sales Executive,10,7,0,1,9,0.0,0.7,0.1,0.9,2,High-Risk Stagnation Profile,High,0,1,1
548,52,Research & Development,Research Scientist,4,3,1,3,2,0.25,0.75,0.75,0.5,3,Fast-Track Performers,Medium,0,4,4
549,26,Research & Development,Laboratory Technician,2,2,2,2,0,1.0,1.0,1.0,0.0,4,Promotion-Stalled Employees,High,0,4,1
550,29,Research & Development,Healthcare Representative,8,7,1,3,1,0.125,0.875,0.375,0.125,3,Fast-Track Performers,Medium,0,3,2
551,26,Sales,Sales Executive,4,3,1,2,2,0.25,0.75,0.5,0.5,3,Fast-Track Performers,Medium,1,1,4
552,34,Research & Development,Research Scientist,4,2,1,2,3,0.25,0.5,0.5,0.75,3,Fast-Track Performers,Low,0,4,2
553,54,Research & Development,Manufacturing Director,5,3,1,4,4,0.2,0.6,0.8,0.8,3,Fast-Track Performers,Low,0,1,4
554,27,Sales,Sales Executive,4,2,1,3,1,0.25,0.5,0.75,0.25,3,Fast-Track Performers,Low,0,4,3
555,37,Research & Development,Research Scientist,5,3,4,3,3,0.8,0.6,0.6,0.6,4,Promotion-Stalled Employees,High,0,1,4
556,38,Research & Development,Manufacturing Director,15,7,4,2,12,0.26666666666666666,0.4666666666666667,0.13333333333333333,0.8,2,High-Risk Stagnation Profile,High,0,1,1
557,34,Research & Development,Research Scientist,6,5,1,3,3,0.16666666666666666,0.8333333333333334,0.5,0.5,3,Fast-Track Performers,Medium,0,1,3
558,35,Sales,Sales Representative,3,2,0,1,2,0.0,0.6666666666666666,0.3333333333333333,0.6666666666666666,3,Fast-Track Performers,Medium,0,4,1
559,30,Research & Development,Laboratory Technician,2,2,0,2,2,0.0,1.0,1.0,1.0,3,Fast-Track Performers,Medium,0,3,4
560,40,Research & Development,Healthcare Representative,8,7,3,2,7,0.375,0.875,0.25,0.875,2,High-Risk Stagnation Profile,High,0,2,3
561,34,Sales,Sales Executive,3,2,1,1,2,0.3333333333333333,0.6666666666666666,0.3333333333333333,0.6666666666666666,3,Fast-Track Performers,Medium,0,1,3
562,42,Research & Development,Manager,24,7,14,4,9,0.5833333333333334,0.2916666666666667,0.16666666666666666,0.375,0,High-Risk Stagnation Profile,High,0,4,2
563,23,Research & Development,Laboratory Technician,0,0,0,2,0,0.0,0.0,0.0,0.0,1,Early-Career Explorers,Medium,1,1,3
564,24,Research & Development,Laboratory Technician,1,0,0,4,0,0.0,0.0,4.0,0.0,1,Early-Career Explorers,Low,0,2,3
565,52,Research & Development,Laboratory Technician,5,2,1,3,4,0.2,0.4,0.6,0.8,3,Fast-Track Performers,Low,0,3,4
566,29,Research & Development,Laboratory Technician,1,0,0,1,0,0.0,0.0,1.0,0.0,1,Early-Career Explorers,Low,1,1,2
567,33,Research & Development,Research Director,13,9,3,3,7,0.23076923076923078,0.6923076923076923,0.23076923076923078,0.5384615384615384,2,High-Risk Stagnation Profile,High,0,3,3
568,33,Sales,Sales Executive,3,2,0,3,2,0.0,0.6666666666666666,1.0,0.6666666666666666,3,Fast-Track Performers,Medium,1,1,1
569,47,Research & Development,Manager,26,14,3,3,0,0.11538461538461539,0.5384615384615384,0.11538461538461539,0.0,2,High-Risk Stagnation Profile,Medium,0,4,3
570,36,Research & Development,Manufacturing Director,9,7,0,2,5,0.0,0.7777777777777778,0.2222222222222222,0.5555555555555556,2,High-Risk Stagnation Profile,High,0,2,3
571,29,Research & Development,Research Scientist,10,7,0,3,7,0.0,0.7,0.3,0.7,2,High-Risk Stagnation Profile,Medium,0,3,3
572,35,Research & Development,Research Scientist,2,2,2,0,2,1.0,1.0,0.0,1.0,4,Promotion-Stalled Employees,High,0,3,4
573,42,Research & Development,Manufacturing Director,4,3,0,4,2,0.0,0.75,1.0,0.5,3,Fast-Track Performers,Medium,0,4,4
574,28,Research & Development,Research Scientist,2,2,2,3,1,1.0,1.0,1.5,0.5,4,Promotion-Stalled Employees,High,1,3,3
575,36,Human Resources,Human Resources,5,2,0,2,4,0.0,0.4,0.4,0.8,3,Fast-Track Performers,Low,0,2,3
576,32,Research & Development,Manufacturing Director,14,13,6,3,8,0.42857142857142855,0.9285714285714286,0.21428571428571427,0.5714285714285714,0,High-Risk Stagnation Profile,High,0,3,3
577,40,Research & Development,Laboratory Technician,1,0,0,6,0,0.0,0.0,6.0,0.0,1,Early-Career Explorers,Low,0,3,1
578,30,Research & Development,Manufacturing Director,0,0,0,4,0,0.0,0.0,0.0,0.0,1,Early-Career Explorers,Medium,0,4,3
579,45,Research & Development,Research Scientist,1,0,0,3,0,0.0,0.0,3.0,0.0,1,Early-Career Explorers,Low,0,3,2
580,42,Research & Development,Manufacturing Director,9,8,7,3,8,0.7777777777777778,0.8888888888888888,0.3333333333333333,0.8888888888888888,0,High-Risk Stagnation Profile,High,0,2,2
581,38,Research & Development,Healthcare Representative,4,3,1,3,2,0.25,0.75,0.75,0.5,3,Fast-Track Performers,Medium,0,1,1
582,34,Research & Development,Research Scientist,5,2,1,3,3,0.2,0.4,0.6,0.6,3,Fast-Track Performers,Low,0,4,3
583,49,Sales,Sales Executive,9,8,7,3,7,0.7777777777777778,0.8888888888888888,0.3333333333333333,0.7777777777777778,0,High-Risk Stagnation Profile,High,1,4,3
584,55,Sales,Sales Executive,9,7,7,3,3,0.7777777777777778,0.7777777777777778,0.3333333333333333,0.3333333333333333,0,High-Risk Stagnation Profile,High,1,4,3
585,43,Research & Development,Research Director,4,1,1,3,0,0.25,0.25,0.75,0.0,1,Early-Career Explorers,Low,0,1,2
586,27,Research & Development,Research Director,9,8,0,3,8,0.0,0.8888888888888888,0.3333333333333333,0.8888888888888888,2,High-Risk Stagnation Profile,Medium,0,4,3
587,35,Research & Development,Manufacturing Director,8,5,1,3,6,0.125,0.625,0.375,0.75,2,High-Risk Stagnation Profile,Medium,0,3,3
588,28,Sales,Sales Executive,8,7,7,2,5,0.875,0.875,0.25,0.625,0,High-Risk Stagnation Profile,High,0,2,2
589,34,Human Resources,Human Resources,3,2,0,1,2,0.0,0.6666666666666666,0.3333333333333333,0.6666666666666666,3,Fast-Track Performers,Medium,0,4,3
590,26,Research & Development,Research Scientist,8,7,1,2,7,0.125,0.875,0.25,0.875,2,High-Risk Stagnation Profile,High,1,3,3
591,27,Research & Development,Research Scientist,0,0,0,6,0,0.0,0.0,0.0,0.0,1,Early-Career Explorers,Medium,0,4,4
592,44,Research & Development,Healthcare Representative,5,2,2,2,3,0.4,0.4,0.4,0.6,3,Fast-Track Performers,Medium,0,2,4
593,25,Research & Development,Research Scientist,4,3,0,3,1,0.0,0.75,0.75,0.25,3,Fast-Track Performers,Medium,0,1,1
594,33,Sales,Sales Executive,9,8,0,5,8,0.0,0.8888888888888888,0.5555555555555556,0.8888888888888888,2,High-Risk Stagnation Profile,Medium,0,1,1
595,35,Research & Development,Research Scientist,6,5,1,3,1,0.16666666666666666,0.8333333333333334,0.5,0.16666666666666666,3,Fast-Track Performers,Medium,0,1,3
596,36,Sales,Sales Executive,18,14,4,1,11,0.2222222222222222,0.7777777777777778,0.05555555555555555,0.6111111111111112,2,High-Risk Stagnation Profile,High,0,4,2
597,32,Sales,Sales Executive,5,2,0,3,3,0.0,0.4,0.6,0.6,3,Fast-Track Performers,Low,0,4,2
598,30,Research & Development,Research Scientist,5,4,0,3,3,0.0,0.8,0.6,0.6,3,Fast-Track Performers,Medium,0,4,2
599,45,Sales,Sales Executive,5,4,0,2,2,0.0,0.8,0.4,0.4,3,Fast-Track Performers,Medium,0,1,4
600,32,Research & Development,Research Scientist,5,3,1,3,3,0.2,0.6,0.6,0.6,3,Fast-Track Performers,Low,0,3,3
601,37,Sales,Sales Executive,1,0,0,2,0,0.0,0.0,2.0,0.0,1,Early-Career Explorers,Low,0,3,4
602,28,Human Resources,Human Resources,5,1,0,6,4,0.0,0.2,1.2,0.8,3,Fast-Track Performers,Low,0,4,2
603,22,Research & Development,Manufacturing Director,2,2,2,2,2,1.0,1.0,1.0,1.0,4,Promotion-Stalled Employees,High,0,4,4
604,44,Research & Development,Laboratory Technician,3,2,0,2,2,0.0,0.6666666666666666,0.6666666666666666,0.6666666666666666,3,Fast-Track Performers,Medium,0,4,1
605,42,Research & Development,Research Scientist,2,1,2,2,2,1.0,0.5,1.0,1.0,4,Promotion-Stalled Employees,High,0,4,2
606,36,Human Resources,Human Resources,5,4,0,3,3,0.0,0.8,0.6,0.6,3,Fast-Track Performers,Medium,0,1,1
607,25,Sales,Sales Executive,5,3,0,3,3,0.0,0.6,0.6,0.6,3,Fast-Track Performers,Low,0,1,3
608,35,Research & Development,Manufacturing Director,17,14,5,2,15,0.29411764705882354,0.8235294117647058,0.11764705882352941,0.8823529411764706,2,High-Risk Stagnation Profile,High,0,3,4
609,35,Research & Development,Research Scientist,10,2,7,3,8,0.7,0.2,0.3,0.8,0,High-Risk Stagnation Profile,High,1,2,4
610,32,Research & Development,Laboratory Technician,3,0,0,2,2,0.0,0.0,0.6666666666666666,0.6666666666666666,3,Fast-Track Performers,Low,0,4,4
611,25,Sales,Sales Executive,5,2,0,1,3,0.0,0.4,0.2,0.6,3,Fast-Track Performers,Medium,0,1,3
612,49,Research & Development,Research Scientist,4,2,0,2,2,0.0,0.5,0.5,0.5,3,Fast-Track Performers,Low,0,1,3
613,24,Research & Development,Laboratory Technician,5,2,3,2,4,0.6,0.4,0.4,0.8,3,Fast-Track Performers,Medium,0,4,1
614,32,Sales,Sales Executive,10,8,5,3,3,0.5,0.8,0.3,0.3,0,High-Risk Stagnation Profile,High,0,2,2
615,38,Sales,Sales Representative,2,2,1,3,2,0.5,1.0,1.5,1.0,4,Promotion-Stalled Employees,High,0,2,2
616,42,Research & Development,Laboratory Technician,5,3,1,1,3,0.2,0.6,0.2,0.6,3,Fast-Track Performers,Medium,0,4,3
617,31,Research & Development,Research Scientist,6,4,0,2,2,0.0,0.6666666666666666,0.3333333333333333,0.3333333333333333,3,Fast-Track Performers,Medium,0,4,4
618,29,Sales,Sales Representative,3,2,0,3,2,0.0,0.6666666666666666,1.0,0.6666666666666666,3,Fast-Track Performers,Medium,1,3,2
619,53,Sales,Sales Executive,2,0,2,3,2,1.0,0.0,1.5,1.0,4,Promotion-Stalled Employees,High,0,4,1
620,35,Research & Development,Manufacturing Director,13,10,4,2,8,0.3076923076923077,0.7692307692307693,0.15384615384615385,0.6153846153846154,2,High-Risk Stagnation Profile,High,0,2,4
621,37,Sales,Sales Representative,5,4,0,3,0,0.0,0.8,0.6,0.0,3,Fast-Track Performers,Medium,0,4,3
622,43,Research & Development,Healthcare Representative,5,2,2,2,2,0.4,0.4,0.4,0.4,3,Fast-Track Performers,Medium,0,4,4
623,47,Sales,Sales Executive,7,6,7,2,7,1.0,0.8571428571428571,0.2857142857142857,1.0,0,High-Risk Stagnation Profile,High,0,4,3
624,37,Sales,Sales Executive,10,0,0,2,9,0.0,0.0,0.2,0.9,3,Fast-Track Performers,Medium,0,2,1
625,39,Human Resources,Human Resources,5,4,0,2,4,0.0,0.8,0.4,0.8,3,Fast-Track Performers,Medium,0,4,4
626,33,Human Resources,Human Resources,4,3,0,4,3,0.0,0.75,1.0,0.75,3,Fast-Track Performers,Medium,0,2,4
627,32,Research & Development,Laboratory Technician,1,0,0,2,1,0.0,0.0,2.0,1.0,3,Fast-Track Performers,Low,1,4,1
628,29,Research & Development,Laboratory Technician,4,3,0,5,3,0.0,0.75,1.25,0.75,3,Fast-Track Performers,Medium,0,4,1
629,44,Research & Development,Research Scientist,8,7,7,0,1,0.875,0.875,0.0,0.125,0,High-Risk Stagnation Profile,High,0,1,2
630,28,Sales,Sales Executive,4,2,0,3,2,0.0,0.5,0.75,0.5,3,Fast-Track Performers,Low,0,4,1
631,58,Research & Development,Laboratory Technician,1,0,0,3,0,0.0,0.0,3.0,0.0,1,Early-Career Explorers,Low,1,4,4
632,43,Research & Development,Manufacturing Director,1,0,0,2,0,0.0,0.0,2.0,0.0,1,Early-Career Explorers,Low,0,2,1
633,20,Sales,Sales Representative,2,2,0,3,2,0.0,1.0,1.5,1.0,3,Fast-Track Performers,Medium,1,3,3
634,21,Research & Development,Research Scientist,1,0,0,3,0,0.0,0.0,3.0,0.0,1,Early-Career Explorers,Low,1,4,4
635,36,Research & Development,Healthcare Representative,16,8,4,2,11,0.25,0.5,0.125,0.6875,2,High-Risk Stagnation Profile,Medium,0,4,3
636,47,Sales,Sales Representative,3,2,1,3,2,0.3333333333333333,0.6666666666666666,1.0,0.6666666666666666,3,Fast-Track Performers,Medium,0,4,4
637,22,Research & Development,Manufacturing Director,3,2,0,3,2,0.0,0.6666666666666666,1.0,0.6666666666666666,3,Fast-Track Performers,Medium,1,3,2
638,41,Research & Development,Laboratory Technician,7,7,1,1,0,0.14285714285714285,1.0,0.14285714285714285,0.0,3,Fast-Track Performers,Medium,1,4,2
639,28,Research & Development,Research Scientist,2,2,2,2,2,1.0,1.0,1.0,1.0,4,Promotion-Stalled Employees,High,0,3,3
640,39,Research & Development,Laboratory Technician,2,2,2,2,2,1.0,1.0,1.0,1.0,4,Promotion-Stalled Employees,High,1,1,4
641,27,Research & Development,Research Scientist,1,1,0,2,0,0.0,1.0,2.0,0.0,3,Fast-Track Performers,Medium,0,3,2
642,34,Research & Development,Laboratory Technician,1,0,1,3,0,1.0,0.0,3.0,0.0,1,Early-Career Explorers,Medium,0,2,2
643,42,Sales,Sales Executive,5,4,0,6,3,0.0,0.8,1.2,0.6,3,Fast-Track Performers,Medium,0,3,3
644,33,Research & Development,Research Scientist,3,2,0,1,2,0.0,0.6666666666666666,0.3333333333333333,0.6666666666666666,3,Fast-Track Performers,Medium,0,1,3
645,58,Research & Development,Healthcare Representative,6,0,0,3,4,0.0,0.0,0.5,0.6666666666666666,3,Fast-Track Performers,Low,0,2,3
646,31,Sales,Sales Representative,7,7,5,2,2,0.7142857142857143,1.0,0.2857142857142857,0.2857142857142857,0,High-Risk Stagnation Profile,High,0,3,2
647,35,Research & Development,Healthcare Representative,10,6,0,2,7,0.0,0.6,0.2,0.7,2,High-Risk Stagnation Profile,Medium,0,4,4
648,48,Research & Development,Research Scientist,0,0,0,2,0,0.0,0.0,0.0,0.0,1,Early-Career Explorers,Medium,0,3,4
649,31,Sales,Sales Executive,9,8,0,2,0,0.0,0.8888888888888888,0.2222222222222222,0.0,3,Fast-Track Performers,Medium,0,3,4
650,36,Research & Development,Research Scientist,6,2,0,6,1,0.0,0.3333333333333333,1.0,0.16666666666666666,1,Early-Career Explorers,Low,0,4,2
651,38,Research & Development,Research Director,15,12,5,3,11,0.3333333333333333,0.8,0.2,0.7333333333333333,2,High-Risk Stagnation Profile,High,0,1,4
652,32,Research & Development,Laboratory Technician,3,0,0,3,2,0.0,0.0,1.0,0.6666666666666666,3,Fast-Track Performers,Low,0,2,3
653,25,Sales,Sales Representative,1,0,0,2,0,0.0,0.0,2.0,0.0,1,Early-Career Explorers,Low,1,2,3
654,40,Sales,Sales Executive,1,0,0,2,0,0.0,0.0,2.0,0.0,1,Early-Career Explorers,Low,0,2,1
655,26,Sales,Sales Executive,7,7,0,2,7,0.0,1.0,0.2857142857142857,1.0,2,High-Risk Stagnation Profile,High,0,1,3
656,41,Research & Development,Laboratory Technician,18,13,2,3,17,0.1111111111111111,0.7222222222222222,0.16666666666666666,0.9444444444444444,2,High-Risk Stagnation Profile,High,0,1,4
657,36,Research & Development,Laboratory Technician,11,8,3,6,9,0.2727272727272727,0.7272727272727273,0.5454545454545454,0.8181818181818182,2,High-Risk Stagnation Profile,High,0,3,3
658,19,Sales,Sales Representative,1,0,0,3,0,0.0,0.0,3.0,0.0,1,Early-Career Explorers,Low,1,2,4
659,20,Research & Development,Laboratory Technician,1,0,0,2,0,0.0,0.0,2.0,0.0,1,Early-Career Explorers,Low,1,1,1
660,31,Research & Development,Healthcare Representative,9,7,8,2,5,0.8888888888888888,0.7777777777777778,0.2222222222222222,0.5555555555555556,0,High-Risk Stagnation Profile,High,0,4,4
661,40,Research & Development,Research Scientist,1,1,0,2,0,0.0,1.0,2.0,0.0,3,Fast-Track Performers,Medium,0,2,4
662,32,Research & Development,Manufacturing Director,8,7,6,2,3,0.75,0.875,0.25,0.375,0,High-Risk Stagnation Profile,High,0,1,3
663,36,Sales,Sales Executive,16,7,3,6,7,0.1875,0.4375,0.375,0.4375,2,High-Risk Stagnation Profile,Medium,1,4,3
664,33,Research & Development,Healthcare Representative,5,0,1,3,4,0.2,0.0,0.6,0.8,3,Fast-Track Performers,Low,0,4,2
665,37,Sales,Sales Executive,14,1,11,2,7,0.7857142857142857,0.07142857142857142,0.14285714285714285,0.5,0,High-Risk Stagnation Profile,High,1,3,1
666,45,Research & Development,Laboratory Technician,9,7,0,5,8,0.0,0.7777777777777778,0.5555555555555556,0.8888888888888888,2,High-Risk Stagnation Profile,Medium,0,2,3
667,29,Sales,Sales Representative,3,1,0,5,2,0.0,0.3333333333333333,1.6666666666666667,0.6666666666666666,3,Fast-Track Performers,Low,0,4,3
668,35,Sales,Sales Executive,5,2,1,3,0,0.2,0.4,0.6,0.0,3,Fast-Track Performers,Low,0,3,3
669,52,Research & Development,Manager,9,8,7,2,8,0.7777777777777778,0.8888888888888888,0.2222222222222222,0.8888888888888888,0,High-Risk Stagnation Profile,High,0,4,4
670,58,Research & Development,Research Scientist,1,0,0,4,0,0.0,0.0,4.0,0.0,1,Early-Career Explorers,Low,1,3,4
671,53,Sales,Manager,17,13,15,3,2,0.8823529411764706,0.7647058823529411,0.17647058823529413,0.11764705882352941,0,High-Risk Stagnation Profile,High,0,3,3
672,30,Sales,Sales Executive,8,4,7,2,7,0.875,0.5,0.25,0.875,0,High-Risk Stagnation Profile,High,0,3,3
673,38,Sales,Sales Executive,5,3,1,1,3,0.2,0.6,0.2,0.6,3,Fast-Track Performers,Medium,0,4,3
674,35,Sales,Sales Executive,10,9,0,2,8,0.0,0.9,0.2,0.8,2,High-Risk Stagnation Profile,High,0,4,4
675,39,Sales,Sales Executive,8,7,0,3,7,0.0,0.875,0.375,0.875,2,High-Risk Stagnation Profile,Medium,0,3,1
676,40,Sales,Sales Executive,1,0,0,2,0,0.0,0.0,2.0,0.0,1,Early-Career Explorers,Low,1,2,2
677,47,Research & Development,Manufacturing Director,19,10,2,3,7,0.10526315789473684,0.5263157894736842,0.15789473684210525,0.3684210526315789,2,High-Risk Stagnation Profile,Medium,0,3,3
678,36,Sales,Sales Executive,7,7,0,3,7,0.0,1.0,0.42857142857142855,1.0,2,High-Risk Stagnation Profile,Medium,0,4,1
679,31,Research & Development,Research Scientist,3,2,1,0,2,0.3333333333333333,0.6666666666666666,0.0,0.6666666666666666,3,Fast-Track Performers,High,1,1,3
680,33,Sales,Manager,10,8,6,2,0,0.6,0.8,0.2,0.0,0,High-Risk Stagnation Profile,High,0,3,4
681,29,Research & Development,Research Scientist,0,0,0,5,0,0.0,0.0,0.0,0.0,1,Early-Career Explorers,Medium,1,1,4
682,33,Research & Development,Research Scientist,3,2,0,4,2,0.0,0.6666666666666666,1.3333333333333333,0.6666666666666666,3,Fast-Track Performers,Medium,0,4,2
683,45,Research & Development,Laboratory Technician,5,3,0,2,2,0.0,0.6,0.4,0.4,3,Fast-Track Performers,Low,0,4,4
684,33,Research & Development,Healthcare Representative,6,5,1,2,2,0.16666666666666666,0.8333333333333334,0.3333333333333333,0.3333333333333333,3,Fast-Track Performers,Medium,0,2,3
685,41,Research & Development,Research Director,18,16,0,2,11,0.0,0.8888888888888888,0.1111111111111111,0.6111111111111112,2,High-Risk Stagnation Profile,High,0,3,1
686,27,Research & Development,Laboratory Technician,2,2,2,2,2,1.0,1.0,1.0,1.0,4,Promotion-Stalled Employees,High,0,2,3
687,45,Research & Development,Laboratory Technician,9,8,0,2,8,0.0,0.8888888888888888,0.2222222222222222,0.8888888888888888,2,High-Risk Stagnation Profile,High,0,1,4
688,47,Sales,Sales Executive,9,0,0,0,7,0.0,0.0,0.0,0.7777777777777778,3,Fast-Track Performers,Medium,0,4,4
689,30,Research & Development,Research Scientist,5,2,0,2,1,0.0,0.4,0.4,0.2,3,Fast-Track Performers,Low,1,3,1
690,50,Research & Development,Manufacturing Director,12,11,1,2,5,0.08333333333333333,0.9166666666666666,0.16666666666666666,0.4166666666666667,2,High-Risk Stagnation Profile,High,0,3,4
691,38,Research & Development,Research Scientist,2,1,0,0,2,0.0,0.5,0.0,1.0,3,Fast-Track Performers,Medium,0,3,3
692,46,Research & Development,Manufacturing Director,8,7,0,3,7,0.0,0.875,0.375,0.875,2,High-Risk Stagnation Profile,Medium,0,3,4
693,24,Research & Development,Manufacturing Director,4,2,3,6,2,0.75,0.5,1.5,0.5,4,Promotion-Stalled Employees,High,0,3,4
694,35,Research & Development,Laboratory Technician,4,2,0,2,2,0.0,0.5,0.5,0.5,3,Fast-Track Performers,Low,1,2,3
695,31,Research & Development,Manufacturing Director,4,3,0,1,3,0.0,0.75,0.25,0.75,3,Fast-Track Performers,Medium,0,1,3
696,18,Research & Development,Research Scientist,0,0,0,2,0,0.0,0.0,0.0,0.0,1,Early-Career Explorers,Medium,0,4,2
697,54,Research & Development,Manufacturing Director,10,7,0,2,8,0.0,0.7,0.2,0.8,2,High-Risk Stagnation Profile,High,0,3,3
698,35,Research & Development,Healthcare Representative,16,10,10,3,1,0.625,0.625,0.1875,0.0625,0,High-Risk Stagnation Profile,High,0,3,3
699,30,Research & Development,Research Director,8,7,1,4,7,0.125,0.875,0.5,0.875,2,High-Risk Stagnation Profile,Medium,0,1,2
700,20,Research & Development,Research Scientist,1,0,0,2,0,0.0,0.0,2.0,0.0,1,Early-Career Explorers,Low,1,1,4
701,30,Research & Development,Laboratory Technician,3,2,1,3,2,0.3333333333333333,0.6666666666666666,1.0,0.6666666666666666,3,Fast-Track Performers,Medium,1,2,2
702,26,Research & Development,Manufacturing Director,8,7,1,2,3,0.125,0.875,0.25,0.375,3,Fast-Track Performers,Medium,0,4,4
703,22,Research & Development,Laboratory Technician,4,3,1,3,1,0.25,0.75,0.75,0.25,3,Fast-Track Performers,Medium,0,1,2
704,48,Research & Development,Healthcare Representative,2,2,2,0,2,1.0,1.0,0.0,1.0,4,Promotion-Stalled Employees,High,0,3,1
705,48,Research & Development,Healthcare Representative,15,11,4,3,8,0.26666666666666666,0.7333333333333333,0.2,0.5333333333333333,2,High-Risk Stagnation Profile,High,0,3,3
706,41,Research & Development,Manufacturing Director,2,2,2,6,1,1.0,1.0,3.0,0.5,4,Promotion-Stalled Employees,High,0,3,4
707,39,Research & Development,Manufacturing Director,21,6,11,3,8,0.5238095238095238,0.2857142857142857,0.14285714285714285,0.38095238095238093,0,High-Risk Stagnation Profile,High,0,4,4
708,27,Research & Development,Manufacturing Director,3,2,2,2,2,0.6666666666666666,0.6666666666666666,0.6666666666666666,0.6666666666666666,4,Promotion-Stalled Employees,High,0,4,1
709,35,Research & Development,Laboratory Technician,3,2,1,4,2,0.3333333333333333,0.6666666666666666,1.3333333333333333,0.6666666666666666,3,Fast-Track Performers,Medium,0,4,2
710,42,Sales,Manager,1,0,0,3,0,0.0,0.0,3.0,0.0,1,Early-Career Explorers,Low,0,3,4
711,50,Research & Development,Laboratory Technician,1,0,0,5,0,0.0,0.0,5.0,0.0,1,Early-Career Explorers,Low,0,4,1
712,37,Research & Development,Healthcare Representative,1,0,0,2,0,0.0,0.0,2.0,0.0,1,Early-Career Explorers,Low,1,2,1
713,55,Research & Development,Healthcare Representative,8,7,6,3,7,0.75,0.875,0.375,0.875,0,High-Risk Stagnation Profile,High,0,2,3
714,41,Research & Development,Research Director,21,16,5,3,10,0.23809523809523808,0.7619047619047619,0.14285714285714285,0.47619047619047616,2,High-Risk Stagnation Profile,High,0,3,2
715,38,Sales,Sales Executive,1,0,0,1,0,0.0,0.0,1.0,0.0,1,Early-Career Explorers,Low,0,4,2
716,26,Sales,Sales Executive,2,2,2,6,2,1.0,1.0,3.0,1.0,4,Promotion-Stalled Employees,High,1,1,2
717,44,Sales,Sales Executive,12,11,11,2,11,0.9166666666666666,0.9166666666666666,0.16666666666666666,0.9166666666666666,0,High-Risk Stagnation Profile,High,0,4,4
718,50,Sales,Sales Executive,18,7,0,3,13,0.0,0.3888888888888889,0.16666666666666666,0.7222222222222222,2,High-Risk Stagnation Profile,Medium,0,3,4
719,36,Research & Development,Laboratory Technician,17,13,15,1,14,0.8823529411764706,0.7647058823529411,0.058823529411764705,0.8235294117647058,0,High-Risk Stagnation Profile,High,1,1,3
720,39,Research & Development,Manufacturing Director,21,6,2,2,8,0.09523809523809523,0.2857142857142857,0.09523809523809523,0.38095238095238093,2,High-Risk Stagnation Profile,Medium,0,1,4
721,33,Sales,Sales Representative,2,2,2,2,2,1.0,1.0,1.0,1.0,4,Promotion-Stalled Employees,High,0,4,2
722,45,Sales,Manager,9,3,1,4,1,0.1111111111111111,0.3333333333333333,0.4444444444444444,0.1111111111111111,3,Fast-Track Performers,Low,0,4,4
723,32,Research & Development,Laboratory Technician,8,7,7,2,7,0.875,0.875,0.25,0.875,0,High-Risk Stagnation Profile,High,0,3,4
724,34,Sales,Sales Executive,15,1,0,2,9,0.0,0.06666666666666667,0.13333333333333333,0.6,2,High-Risk Stagnation Profile,Medium,0,4,2
725,59,Sales,Manager,6,4,0,1,4,0.0,0.6666666666666666,0.16666666666666666,0.6666666666666666,3,Fast-Track Performers,Medium,0,4,2
726,45,Human Resources,Human Resources,6,3,0,3,4,0.0,0.5,0.5,0.6666666666666666,3,Fast-Track Performers,Low,0,2,2
727,36,Research & Development,Laboratory Technician,1,0,0,3,0,0.0,0.0,3.0,0.0,1,Early-Career Explorers,Low,1,3,1
728,26,Research & Development,Research Scientist,3,2,1,2,2,0.3333333333333333,0.6666666666666666,0.6666666666666666,0.6666666666666666,3,Fast-Track Performers,Medium,1,1,1
729,34,Sales,Sales Representative,1,1,0,2,0,0.0,1.0,2.0,0.0,3,Fast-Track Performers,Medium,0,3,3
730,28,Sales,Sales Representative,1,0,0,5,0,0.0,0.0,5.0,0.0,1,Early-Career Explorers,Low,0,2,4
731,38,Research & Development,Research Scientist,2,2,2,2,2,1.0,1.0,1.0,1.0,4,Promotion-Stalled Employees,High,0,3,3
732,37,Research & Development,Healthcare Representative,4,3,0,3,1,0.0,0.75,0.75,0.25,3,Fast-Track Performers,Medium,0,2,4
733,40,Sales,Sales Executive,7,7,7,3,5,1.0,1.0,0.42857142857142855,0.7142857142857143,0,High-Risk Stagnation Profile,High,0,1,3
734,26,Research & Development,Research Scientist,5,3,1,5,3,0.2,0.6,1.0,0.6,3,Fast-Track Performers,Low,0,3,1
735,46,Research & Development,Research Director,2,2,2,0,2,1.0,1.0,0.0,1.0,4,Promotion-Stalled Employees,High,0,4,4
736,54,Sales,Sales Executive,9,4,7,4,0,0.7777777777777778,0.4444444444444444,0.4444444444444444,0.0,0,High-Risk Stagnation Profile,High,0,3,3
737,56,Research & Development,Research Scientist,5,4,0,4,3,0.0,0.8,0.8,0.6,3,Fast-Track Performers,Medium,0,3,1
738,36,Research & Development,Manufacturing Director,14,8,7,2,8,0.5,0.5714285714285714,0.14285714285714285,0.5714285714285714,0,High-Risk Stagnation Profile,High,0,4,4
739,43,Sales,Sales Executive,1,0,0,5,0,0.0,0.0,5.0,0.0,1,Early-Career Explorers,Low,0,4,3
740,20,Sales,Sales Representative,2,2,0,3,2,0.0,1.0,1.5,1.0,3,Fast-Track Performers,Medium,1,4,4
741,21,Research & Development,Laboratory Technician,1,0,1,6,0,1.0,0.0,6.0,0.0,1,Early-Career Explorers,Medium,1,1,3
742,46,Research & Development,Research Scientist,16,13,1,2,7,0.0625,0.8125,0.125,0.4375,2,High-Risk Stagnation Profile,High,0,1,4
743,51,Research & Development,Research Scientist,10,0,2,2,7,0.2,0.0,0.2,0.7,3,Fast-Track Performers,Medium,1,3,1
744,28,Research & Development,Healthcare Representative,10,7,1,2,9,0.1,0.7,0.2,0.9,2,High-Risk Stagnation Profile,High,1,1,2
745,26,Research & Development,Laboratory Technician,5,3,1,2,3,0.2,0.6,0.4,0.6,3,Fast-Track Performers,Low,0,1,1
746,30,Research & Development,Manufacturing Director,6,2,0,1,2,0.0,0.3333333333333333,0.16666666666666666,0.3333333333333333,3,Fast-Track Performers,Medium,0,1,3
747,41,Research & Development,Research Scientist,10,6,0,3,8,0.0,0.6,0.3,0.8,2,High-Risk Stagnation Profile,Medium,0,3,2
748,38,Research & Development,Healthcare Representative,19,9,1,4,9,0.05263157894736842,0.47368421052631576,0.21052631578947367,0.47368421052631576,2,High-Risk Stagnation Profile,Medium,0,3,3
749,40,Research & Development,Healthcare Representative,11,10,11,6,1,1.0,0.9090909090909091,0.5454545454545454,0.09090909090909091,0,High-Risk Stagnation Profile,High,0,4,1
750,27,Research & Development,Laboratory Technician,3,2,1,4,2,0.3333333333333333,0.6666666666666666,1.3333333333333333,0.6666666666666666,3,Fast-Track Performers,Medium,0,3,1
751,55,Research & Development,Manufacturing Director,3,2,1,4,2,0.3333333333333333,0.6666666666666666,1.3333333333333333,0.6666666666666666,3,Fast-Track Performers,Medium,0,2,4
752,28,Research & Development,Research Scientist,8,7,1,4,7,0.125,0.875,0.5,0.875,2,High-Risk Stagnation Profile,Medium,0,3,3
753,44,Human Resources,Human Resources,20,6,3,1,6,0.15,0.3,0.05,0.3,2,High-Risk Stagnation Profile,Medium,1,1,2
754,33,Research & Development,Healthcare Representative,3,2,1,2,2,0.3333333333333333,0.6666666666666666,0.6666666666666666,0.6666666666666666,3,Fast-Track Performers,Medium,0,4,4
755,35,Sales,Sales Executive,8,7,4,2,7,0.5,0.875,0.25,0.875,2,High-Risk Stagnation Profile,High,1,1,4
756,33,Research & Development,Research Scientist,13,7,3,4,8,0.23076923076923078,0.5384615384615384,0.3076923076923077,0.6153846153846154,2,High-Risk Stagnation Profile,Medium,1,3,1
757,28,Research & Development,Laboratory Technician,4,2,2,5,2,0.5,0.5,1.25,0.5,3,Fast-Track Performers,Medium,0,3,1
758,34,Research & Development,Healthcare Representative,6,2,0,1,4,0.0,0.3333333333333333,0.16666666666666666,0.6666666666666666,3,Fast-Track Performers,Medium,0,4,1
759,37,Sales,Sales Executive,1,0,0,5,0,0.0,0.0,5.0,0.0,1,Early-Career Explorers,Low,0,4,4
760,25,Research & Development,Laboratory Technician,7,7,5,3,6,0.7142857142857143,1.0,0.42857142857142855,0.8571428571428571,0,High-Risk Stagnation Profile,High,1,4,4
761,26,Research & Development,Laboratory Technician,1,1,0,0,0,0.0,1.0,0.0,0.0,3,Fast-Track Performers,Medium,1,3,1
762,33,Research & Development,Research Scientist,2,2,2,0,2,1.0,1.0,0.0,1.0,4,Promotion-Stalled Employees,High,1,2,1
763,42,Research & Development,Manager,22,6,13,3,7,0.5909090909090909,0.2727272727272727,0.13636363636363635,0.3181818181818182,0,High-Risk Stagnation Profile,High,0,1,4
764,28,Research & Development,Laboratory Technician,1,0,0,2,0,0.0,0.0,2.0,0.0,1,Early-Career Explorers,Low,1,2,1
765,50,Sales,Sales Executive,0,0,0,4,0,0.0,0.0,0.0,0.0,1,Early-Career Explorers,Medium,1,3,4
766,33,Sales,Sales Executive,3,2,0,3,2,0.0,0.6666666666666666,1.0,0.6666666666666666,3,Fast-Track Performers,Medium,0,2,4
767,34,Research & Development,Research Scientist,0,0,0,2,0,0.0,0.0,0.0,0.0,1,Early-Career Explorers,Medium,0,4,3
768,48,Research & Development,Manager,5,4,2,3,1,0.4,0.8,0.6,0.2,3,Fast-Track Performers,Medium,0,4,1
769,45,Sales,Sales Executive,15,10,4,2,12,0.26666666666666666,0.6666666666666666,0.13333333333333333,0.8,2,High-Risk Stagnation Profile,High,0,3,2
770,52,Research & Development,Healthcare Representative,8,6,4,4,0,0.5,0.75,0.5,0.0,3,Fast-Track Performers,Medium,0,2,2
771,38,Sales,Sales Executive,8,7,2,2,7,0.25,0.875,0.25,0.875,2,High-Risk Stagnation Profile,High,0,3,3
772,29,Research & Development,Research Scientist,7,5,1,1,7,0.14285714285714285,0.7142857142857143,0.14285714285714285,1.0,2,High-Risk Stagnation Profile,High,0,4,3
773,28,Research & Development,Manufacturing Director,9,7,1,3,7,0.1111111111111111,0.7777777777777778,0.3333333333333333,0.7777777777777778,2,High-Risk Stagnation Profile,Medium,0,2,4
774,46,Sales,Manager,12,9,4,3,9,0.3333333333333333,0.75,0.25,0.75,2,High-Risk Stagnation Profile,High,0,3,1
775,38,Sales,Sales Executive,1,0,0,2,0,0.0,0.0,2.0,0.0,1,Early-Career Explorers,Low,0,2,4
776,43,Research & Development,Manufacturing Director,8,7,0,1,1,0.0,0.875,0.125,0.125,3,Fast-Track Performers,Medium,0,1,3
777,39,Research & Development,Healthcare Representative,18,7,11,4,5,0.6111111111111112,0.3888888888888889,0.2222222222222222,0.2777777777777778,0,High-Risk Stagnation Profile,High,1,4,1
778,40,Research & Development,Research Director,20,7,4,2,9,0.2,0.35,0.1,0.45,2,High-Risk Stagnation Profile,Medium,0,3,3
779,21,Research & Development,Research Scientist,2,2,2,6,2,1.0,1.0,3.0,1.0,4,Promotion-Stalled Employees,High,0,2,4
780,39,Research & Development,Laboratory Technician,5,4,0,2,3,0.0,0.8,0.4,0.6,3,Fast-Track Performers,Medium,0,2,3
781,36,Research & Development,Manufacturing Director,11,9,0,0,9,0.0,0.8181818181818182,0.0,0.8181818181818182,2,High-Risk Stagnation Profile,High,0,4,1
782,31,Sales,Sales Representative,2,2,2,4,2,1.0,1.0,2.0,1.0,4,Promotion-Stalled Employees,High,0,4,3
783,28,Research & Development,Research Scientist,5,3,0,2,4,0.0,0.6,0.4,0.8,3,Fast-Track Performers,Low,0,2,1
784,35,Sales,Sales Executive,5,2,0,3,2,0.0,0.4,0.6,0.4,3,Fast-Track Performers,Low,0,4,4
785,49,Sales,Sales Executive,9,8,2,3,3,0.2222222222222222,0.8888888888888888,0.3333333333333333,0.3333333333333333,2,High-Risk Stagnation Profile,Medium,0,2,4
786,34,Research & Development,Manufacturing Director,3,2,0,3,2,0.0,0.6666666666666666,1.0,0.6666666666666666,3,Fast-Track Performers,Medium,0,3,4
787,29,Research & Development,Research Scientist,7,5,1,2,1,0.14285714285714285,0.7142857142857143,0.2857142857142857,0.14285714285714285,3,Fast-Track Performers,Medium,0,2,4
788,42,Research & Development,Laboratory Technician,1,0,0,3,0,0.0,0.0,3.0,0.0,1,Early-Career Explorers,Low,0,4,2
789,29,Research & Development,Manufacturing Director,10,7,1,2,2,0.1,0.7,0.2,0.2,3,Fast-Track Performers,Medium,0,4,2
790,38,Human Resources,Human Resources,7,6,5,2,0,0.7142857142857143,0.8571428571428571,0.2857142857142857,0.0,3,Fast-Track Performers,High,0,3,3
791,28,Research & Development,Research Scientist,3,1,0,2,2,0.0,0.3333333333333333,0.6666666666666666,0.6666666666666666,3,Fast-Track Performers,Low,0,3,3
792,18,Research & Development,Laboratory Technician,0,0,0,0,0,0.0,0.0,0.0,0.0,1,Early-Career Explorers,Medium,1,3,3
793,33,Sales,Sales Executive,5,2,0,3,3,0.0,0.4,0.6,0.6,3,Fast-Track Performers,Low,1,1,1
794,41,Research & Development,Laboratory Technician,1,0,0,4,0,0.0,0.0,4.0,0.0,1,Early-Career Explorers,Low,0,4,2
795,31,Research & Development,Laboratory Technician,2,2,2,5,2,1.0,1.0,2.5,1.0,4,Promotion-Stalled Employees,High,1,3,3
796,37,Research & Development,Healthcare Representative,6,2,1,2,3,0.16666666666666666,0.3333333333333333,0.3333333333333333,0.5,3,Fast-Track Performers,Low,0,4,3
797,27,Research & Development,Research Scientist,4,2,2,0,2,0.5,0.5,0.0,0.5,3,Fast-Track Performers,Medium,0,3,4
798,34,Sales,Sales Executive,6,5,1,3,3,0.16666666666666666,0.8333333333333334,0.5,0.5,3,Fast-Track Performers,Medium,0,3,2
799,35,Human Resources,Human Resources,5,4,1,2,4,0.2,0.8,0.4,0.8,3,Fast-Track Performers,Medium,0,3,3
800,29,Sales,Sales Executive,11,8,3,3,10,0.2727272727272727,0.7272727272727273,0.2727272727272727,0.9090909090909091,2,High-Risk Stagnation Profile,High,1,1,4
801,40,Research & Development,Research Director,18,7,2,3,13,0.1111111111111111,0.3888888888888889,0.16666666666666666,0.7222222222222222,2,High-Risk Stagnation Profile,Medium,0,3,2
802,42,Sales,Sales Executive,21,9,13,2,14,0.6190476190476191,0.42857142857142855,0.09523809523809523,0.6666666666666666,0,High-Risk Stagnation Profile,High,1,1,3
803,42,Sales,Sales Executive,6,4,1,3,5,0.16666666666666666,0.6666666666666666,0.5,0.8333333333333334,3,Fast-Track Performers,Medium,0,1,2
804,35,Research & Development,Laboratory Technician,8,0,1,2,7,0.125,0.0,0.25,0.875,3,Fast-Track Performers,Medium,0,3,4
805,24,Research & Development,Laboratory Technician,4,3,1,2,2,0.25,0.75,0.5,0.5,3,Fast-Track Performers,Medium,0,2,4
806,28,Research & Development,Laboratory Technician,1,1,0,4,0,0.0,1.0,4.0,0.0,1,Early-Career Explorers,Medium,1,4,3
807,26,Research & Development,Laboratory Technician,8,7,0,2,7,0.0,0.875,0.25,0.875,2,High-Risk Stagnation Profile,High,0,4,1
808,30,Sales,Sales Executive,10,3,1,3,4,0.1,0.3,0.3,0.4,3,Fast-Track Performers,Low,0,3,3
809,40,Research & Development,Research Scientist,1,1,0,3,0,0.0,1.0,3.0,0.0,1,Early-Career Explorers,Medium,0,4,3
810,35,Research & Development,Manufacturing Director,7,7,6,2,4,0.8571428571428571,1.0,0.2857142857142857,0.5714285714285714,0,High-Risk Stagnation Profile,High,0,2,3
811,34,Research & Development,Healthcare Representative,13,9,4,3,9,0.3076923076923077,0.6923076923076923,0.23076923076923078,0.6923076923076923,2,High-Risk Stagnation Profile,High,0,1,4
812,35,Research & Development,Laboratory Technician,2,2,2,2,2,1.0,1.0,1.0,1.0,4,Promotion-Stalled Employees,High,0,4,4
813,43,Sales,Sales Executive,4,3,1,2,3,0.25,0.75,0.5,0.75,3,Fast-Track Performers,Medium,1,3,1
814,32,Sales,Sales Representative,1,0,0,3,0,0.0,0.0,3.0,0.0,1,Early-Career Explorers,Low,0,1,3
815,56,Research & Development,Manager,5,2,4,2,2,0.8,0.4,0.4,0.4,4,Promotion-Stalled Employees,High,0,1,4
816,29,Research & Development,Laboratory Technician,10,8,0,5,8,0.0,0.8,0.5,0.8,2,High-Risk Stagnation Profile,Medium,0,4,2
817,19,Research & Development,Research Scientist,1,1,0,4,0,0.0,1.0,4.0,0.0,1,Early-Career Explorers,Medium,0,1,3
818,45,Research & Development,Research Scientist,3,2,0,2,2,0.0,0.6666666666666666,0.6666666666666666,0.6666666666666666,3,Fast-Track Performers,Medium,0,3,1
819,37,Research & Development,Manufacturing Director,14,8,3,2,11,0.21428571428571427,0.5714285714285714,0.14285714285714285,0.7857142857142857,2,High-Risk Stagnation Profile,Medium,0,4,4
820,20,Research & Development,Laboratory Technician,2,2,1,2,2,0.5,1.0,1.0,1.0,4,Promotion-Stalled Employees,High,0,3,1
821,44,Research & Development,Research Scientist,6,4,0,4,2,0.0,0.6666666666666666,0.6666666666666666,0.3333333333333333,3,Fast-Track Performers,Medium,1,3,3
822,53,Research & Development,Manager,7,7,4,6,7,0.5714285714285714,1.0,0.8571428571428571,1.0,2,High-Risk Stagnation Profile,High,0,3,4
823,29,Research & Development,Research Scientist,5,4,1,2,3,0.2,0.8,0.4,0.6,3,Fast-Track Performers,Medium,0,4,2
824,22,Research & Development,Research Scientist,0,0,0,5,0,0.0,0.0,0.0,0.0,1,Early-Career Explorers,Medium,1,4,3
825,46,Sales,Manager,26,15,15,2,9,0.5769230769230769,0.5769230769230769,0.07692307692307693,0.34615384615384615,0,High-Risk Stagnation Profile,High,0,1,3
826,44,Research & Development,Research Scientist,0,0,0,3,0,0.0,0.0,0.0,0.0,1,Early-Career Explorers,Medium,0,3,4
827,33,Human Resources,Human Resources,5,4,1,2,4,0.2,0.8,0.4,0.8,3,Fast-Track Performers,Medium,0,3,2
828,41,Research & Development,Research Scientist,1,0,0,2,0,0.0,0.0,2.0,0.0,1,Early-Career Explorers,Low,1,1,1
829,30,Sales,Sales Executive,4,3,0,3,3,0.0,0.75,0.75,0.75,3,Fast-Track Performers,Medium,0,1,3
830,40,Sales,Sales Executive,0,0,0,2,0,0.0,0.0,0.0,0.0,1,Early-Career Explorers,Medium,0,2,2
831,28,Research & Development,Laboratory Technician,6,5,3,2,3,0.5,0.8333333333333334,0.3333333333333333,0.5,3,Fast-Track Performers,Medium,0,1,4
832,46,Research & Development,Research Director,4,2,0,2,3,0.0,0.5,0.5,0.75,3,Fast-Track Performers,Low,0,2,4
833,35,Sales,Sales Executive,7,7,1,2,7,0.14285714285714285,1.0,0.2857142857142857,1.0,2,High-Risk Stagnation Profile,High,0,1,3
834,24,Research & Development,Laboratory Technician,1,0,0,3,0,0.0,0.0,3.0,0.0,1,Early-Career Explorers,Low,1,2,4
835,33,Sales,Sales Executive,10,7,0,3,1,0.0,0.7,0.3,0.1,3,Fast-Track Performers,Medium,0,3,2
836,36,Research & Development,Laboratory Technician,7,7,1,4,7,0.14285714285714285,1.0,0.5714285714285714,1.0,2,High-Risk Stagnation Profile,Medium,0,3,3
837,30,Research & Development,Laboratory Technician,10,7,8,4,9,0.8,0.7,0.4,0.9,0,High-Risk Stagnation Profile,High,0,3,3
838,44,Research & Development,Research Scientist,20,11,13,3,17,0.65,0.55,0.15,0.85,0,High-Risk Stagnation Profile,High,0,4,4
839,20,Sales,Sales Representative,2,1,2,2,2,1.0,0.5,1.0,1.0,4,Promotion-Stalled Employees,High,0,4,3
840,46,Research & Development,Manufacturing Director,6,3,1,3,4,0.16666666666666666,0.5,0.5,0.6666666666666666,3,Fast-Track Performers,Low,0,4,4
841,42,Human Resources,Human Resources,4,3,0,3,3,0.0,0.75,0.75,0.75,3,Fast-Track Performers,Medium,0,1,4
842,60,Sales,Sales Executive,11,7,1,3,9,0.09090909090909091,0.6363636363636364,0.2727272727272727,0.8181818181818182,2,High-Risk Stagnation Profile,High,0,4,2
843,32,Research & Development,Laboratory Technician,2,2,2,2,2,1.0,1.0,1.0,1.0,4,Promotion-Stalled Employees,High,0,2,3
844,32,Research & Development,Research Scientist,8,7,0,2,7,0.0,0.875,0.25,0.875,2,High-Risk Stagnation Profile,High,0,3,4
845,36,Research & Development,Manufacturing Director,7,7,7,2,7,1.0,1.0,0.2857142857142857,1.0,0,High-Risk Stagnation Profile,High,0,1,3
846,33,Research & Development,Research Scientist,14,10,4,5,10,0.2857142857142857,0.7142857142857143,0.35714285714285715,0.7142857142857143,2,High-Risk Stagnation Profile,High,0,4,1
847,40,Sales,Sales Executive,5,1,1,2,3,0.2,0.2,0.4,0.6,3,Fast-Track Performers,Low,0,2,2
848,25,Sales,Sales Executive,4,3,1,4,1,0.25,0.75,1.0,0.25,3,Fast-Track Performers,Medium,0,4,3
849,30,Research & Development,Research Scientist,11,9,5,2,7,0.45454545454545453,0.8181818181818182,0.18181818181818182,0.6363636363636364,0,High-Risk Stagnation Profile,High,0,2,4
850,42,Research & Development,Research Director,1,0,0,6,0,0.0,0.0,6.0,0.0,1,Early-Career Explorers,Low,0,1,1
851,35,Sales,Sales Executive,13,2,4,6,12,0.3076923076923077,0.15384615384615385,0.46153846153846156,0.9230769230769231,2,High-Risk Stagnation Profile,Medium,0,4,3
852,27,Research & Development,Research Scientist,9,7,6,3,8,0.6666666666666666,0.7777777777777778,0.3333333333333333,0.8888888888888888,0,High-Risk Stagnation Profile,High,0,1,1
853,44,Research & Development,Research Scientist,10,5,7,5,7,0.7,0.5,0.5,0.7,0,High-Risk Stagnation Profile,High,0,4,1
854,19,Research & Development,Research Scientist,1,1,0,2,0,0.0,1.0,2.0,0.0,3,Fast-Track Performers,Medium,1,2,1
855,29,Research & Development,Research Scientist,3,2,1,5,2,0.3333333333333333,0.6666666666666666,1.6666666666666667,0.6666666666666666,3,Fast-Track Performers,Medium,0,4,1
856,31,Research & Development,Healthcare Representative,6,5,0,2,1,0.0,0.8333333333333334,0.3333333333333333,0.16666666666666666,3,Fast-Track Performers,Medium,0,1,3
857,31,Research & Development,Healthcare Representative,10,9,1,2,8,0.1,0.9,0.2,0.8,2,High-Risk Stagnation Profile,High,0,1,3
858,59,Sales,Sales Executive,6,1,0,2,5,0.0,0.16666666666666666,0.3333333333333333,0.8333333333333334,3,Fast-Track Performers,Low,0,4,3
859,43,Research & Development,Research Director,8,7,0,2,7,0.0,0.875,0.25,0.875,2,High-Risk Stagnation Profile,High,0,4,3
860,49,Research & Development,Manager,1,0,0,2,0,0.0,0.0,2.0,0.0,1,Early-Career Explorers,Low,0,3,1
861,36,Research & Development,Research Scientist,11,10,0,2,7,0.0,0.9090909090909091,0.18181818181818182,0.6363636363636364,2,High-Risk Stagnation Profile,High,0,2,3
862,48,Research & Development,Laboratory Technician,1,0,0,4,0,0.0,0.0,4.0,0.0,1,Early-Career Explorers,Low,0,2,4
863,27,Research & Development,Research Scientist,5,3,0,2,3,0.0,0.6,0.4,0.6,3,Fast-Track Performers,Low,0,3,1
864,29,Research & Development,Healthcare Representative,6,0,1,2,0,0.16666666666666666,0.0,0.3333333333333333,0.0,1,Early-Career Explorers,Low,0,4,3
865,48,Research & Development,Research Director,1,0,0,3,0,0.0,0.0,3.0,0.0,1,Early-Career Explorers,Low,0,4,4
866,29,Research & Development,Research Director,7,7,1,2,7,0.14285714285714285,1.0,0.2857142857142857,1.0,2,High-Risk Stagnation Profile,High,0,4,4
867,34,Research & Development,Research Scientist,1,0,0,5,0,0.0,0.0,5.0,0.0,1,Early-Career Explorers,Low,0,3,3
868,44,Sales,Manager,22,9,3,5,10,0.13636363636363635,0.4090909090909091,0.22727272727272727,0.45454545454545453,2,High-Risk Stagnation Profile,Medium,0,2,2
869,33,Sales,Sales Executive,9,8,0,3,8,0.0,0.8888888888888888,0.3333333333333333,0.8888888888888888,2,High-Risk Stagnation Profile,Medium,0,3,4
870,19,Research & Development,Research Scientist,1,0,0,2,1,0.0,0.0,2.0,1.0,3,Fast-Track Performers,Low,0,4,2
871,23,Research & Development,Research Scientist,1,0,0,2,1,0.0,0.0,2.0,1.0,3,Fast-Track Performers,Low,0,3,4
872,25,Sales,Sales Representative,1,0,1,4,0,1.0,0.0,4.0,0.0,1,Early-Career Explorers,Medium,1,4,3
873,26,Research & Development,Research Scientist,8,5,2,2,2,0.25,0.625,0.25,0.25,3,Fast-Track Performers,Medium,0,4,3
874,45,Sales,Manager,24,10,1,2,11,0.041666666666666664,0.4166666666666667,0.08333333333333333,0.4583333333333333,2,High-Risk Stagnation Profile,Medium,1,2,1
875,21,Research & Development,Laboratory Technician,2,2,2,2,2,1.0,1.0,1.0,1.0,4,Promotion-Stalled Employees,High,1,3,1
876,46,Sales,Manager,11,4,0,2,8,0.0,0.36363636363636365,0.18181818181818182,0.7272727272727273,2,High-Risk Stagnation Profile,Medium,0,2,4
877,34,Sales,Sales Executive,3,2,0,3,2,0.0,0.6666666666666666,1.0,0.6666666666666666,3,Fast-Track Performers,Medium,0,1,3
878,59,Research & Development,Manufacturing Director,9,7,5,6,4,0.5555555555555556,0.7777777777777778,0.6666666666666666,0.4444444444444444,0,High-Risk Stagnation Profile,High,0,4,4
879,34,Research & Development,Laboratory Technician,11,8,5,2,10,0.45454545454545453,0.7272727272727273,0.18181818181818182,0.9090909090909091,2,High-Risk Stagnation Profile,High,0,2,3
880,28,Research & Development,Laboratory Technician,4,2,0,2,2,0.0,0.5,0.5,0.5,3,Fast-Track Performers,Low,0,3,4
881,44,Research & Development,Manager,25,9,14,4,13,0.56,0.36,0.16,0.52,0,High-Risk Stagnation Profile,High,0,1,3
882,34,Human Resources,Human Resources,10,9,1,5,8,0.1,0.9,0.5,0.8,2,High-Risk Stagnation Profile,Medium,0,2,3
883,35,Research & Development,Research Scientist,3,2,2,3,2,0.6666666666666666,0.6666666666666666,1.0,0.6666666666666666,4,Promotion-Stalled Employees,High,0,3,3
884,42,Research & Development,Research Scientist,1,0,0,2,0,0.0,0.0,2.0,0.0,1,Early-Career Explorers,Low,0,2,2
885,43,Sales,Sales Executive,21,7,15,3,17,0.7142857142857143,0.3333333333333333,0.14285714285714285,0.8095238095238095,0,High-Risk Stagnation Profile,High,0,4,4
886,36,Research & Development,Manufacturing Director,16,14,5,2,12,0.3125,0.875,0.125,0.75,2,High-Risk Stagnation Profile,High,0,2,3
887,44,Research & Development,Healthcare Representative,10,7,0,2,5,0.0,0.7,0.2,0.5,2,High-Risk Stagnation Profile,High,1,4,1
888,28,Research & Development,Laboratory Technician,2,2,2,2,2,1.0,1.0,1.0,1.0,4,Promotion-Stalled Employees,High,0,4,4
889,51,Research & Development,Laboratory Technician,7,0,7,6,7,1.0,0.0,0.8571428571428571,1.0,0,High-Risk Stagnation Profile,High,0,3,2
890,30,Research & Development,Manufacturing Director,8,4,1,3,7,0.125,0.5,0.375,0.875,2,High-Risk Stagnation Profile,Medium,0,3,3
891,29,Research & Development,Laboratory Technician,7,7,7,2,7,1.0,1.0,0.2857142857142857,1.0,0,High-Risk Stagnation Profile,High,1,3,2
892,28,Research & Development,Research Scientist,3,2,1,2,2,0.3333333333333333,0.6666666666666666,0.6666666666666666,0.6666666666666666,3,Fast-Track Performers,Medium,0,1,4
893,25,Research & Development,Research Scientist,2,2,2,3,1,1.0,1.0,1.5,0.5,4,Promotion-Stalled Employees,High,0,2,4
894,32,Sales,Sales Executive,10,7,0,4,8,0.0,0.7,0.4,0.8,2,High-Risk Stagnation Profile,Medium,0,4,3
895,45,Research & Development,Manager,0,0,0,4,0,0.0,0.0,0.0,0.0,1,Early-Career Explorers,Medium,0,2,2
896,39,Research & Development,Manager,19,9,15,4,2,0.7894736842105263,0.47368421052631576,0.21052631578947367,0.10526315789473684,0,High-Risk Stagnation Profile,High,0,2,3
897,58,Research & Development,Research Scientist,2,2,2,3,2,1.0,1.0,1.5,1.0,4,Promotion-Stalled Employees,High,0,3,1
898,32,Research & Development,Laboratory Technician,10,4,1,3,1,0.1,0.4,0.3,0.1,3,Fast-Track Performers,Low,1,3,4
899,39,Research & Development,Research Scientist,5,2,0,2,3,0.0,0.4,0.4,0.6,3,Fast-Track Performers,Low,1,1,3
900,30,Research & Development,Laboratory Technician,9,2,6,6,7,0.6666666666666666,0.2222222222222222,0.6666666666666666,0.7777777777777778,0,High-Risk Stagnation Profile,High,0,4,1
901,36,Research & Development,Healthcare Representative,7,7,1,0,7,0.14285714285714285,1.0,0.0,1.0,2,High-Risk Stagnation Profile,High,0,3,4
902,46,Human Resources,Human Resources,7,6,5,3,7,0.7142857142857143,0.8571428571428571,0.42857142857142855,1.0,0,High-Risk Stagnation Profile,High,0,1,4
903,28,Research & Development,Laboratory Technician,9,8,7,6,5,0.7777777777777778,0.8888888888888888,0.6666666666666666,0.5555555555555556,0,High-Risk Stagnation Profile,High,0,4,3
904,50,Research & Development,Research Director,3,2,1,2,2,0.3333333333333333,0.6666666666666666,0.6666666666666666,0.6666666666666666,3,Fast-Track Performers,Medium,0,1,4
905,40,Sales,Sales Executive,5,4,1,2,0,0.2,0.8,0.4,0.0,3,Fast-Track Performers,Medium,1,2,4
906,52,Sales,Sales Executive,8,7,7,2,7,0.875,0.875,0.25,0.875,0,High-Risk Stagnation Profile,High,1,2,2
907,30,Research & Development,Manager,9,1,0,2,8,0.0,0.1111111111111111,0.2222222222222222,0.8888888888888888,3,Fast-Track Performers,Medium,0,1,2
908,39,Research & Development,Manufacturing Director,8,7,1,6,7,0.125,0.875,0.75,0.875,2,High-Risk Stagnation Profile,Medium,0,3,1
909,31,Sales,Sales Executive,10,8,9,5,6,0.9,0.8,0.5,0.6,0,High-Risk Stagnation Profile,High,0,3,4
910,41,Sales,Sales Executive,19,2,11,4,9,0.5789473684210527,0.10526315789473684,0.21052631578947367,0.47368421052631576,0,High-Risk Stagnation Profile,High,0,2,3
911,31,Sales,Sales Representative,3,2,2,2,2,0.6666666666666666,0.6666666666666666,0.6666666666666666,0.6666666666666666,4,Promotion-Stalled Employees,High,1,2,4
912,44,Research & Development,Laboratory Technician,3,2,1,4,2,0.3333333333333333,0.6666666666666666,1.3333333333333333,0.6666666666666666,3,Fast-Track Performers,Medium,1,1,1
913,42,Research & Development,Manager,20,8,2,3,10,0.1,0.4,0.15,0.5,2,High-Risk Stagnation Profile,Medium,0,3,3
914,55,Research & Development,Manager,19,9,9,5,11,0.47368421052631576,0.47368421052631576,0.2631578947368421,0.5789473684210527,0,High-Risk Stagnation Profile,High,0,3,4
915,40,Research & Development,Research Scientist,4,2,0,0,0,0.0,0.5,0.0,0.0,3,Fast-Track Performers,Medium,0,3,3
916,34,Research & Development,Healthcare Representative,9,7,1,0,6,0.1111111111111111,0.7777777777777778,0.0,0.6666666666666666,2,High-Risk Stagnation Profile,High,0,4,4
917,40,Research & Development,Research Scientist,9,8,8,4,8,0.8888888888888888,0.8888888888888888,0.4444444444444444,0.8888888888888888,0,High-Risk Stagnation Profile,High,0,4,3
918,41,Sales,Sales Executive,9,3,1,2,7,0.1111111111111111,0.3333333333333333,0.2222222222222222,0.7777777777777778,3,Fast-Track Performers,Medium,0,1,3
919,35,Research & Development,Research Scientist,9,6,1,3,1,0.1111111111111111,0.6666666666666666,0.3333333333333333,0.1111111111111111,3,Fast-Track Performers,Medium,0,3,3
920,38,Sales,Sales Executive,7,7,1,3,7,0.14285714285714285,1.0,0.42857142857142855,1.0,2,High-Risk Stagnation Profile,Medium,0,1,2
921,34,Sales,Sales Executive,10,8,9,6,6,0.9,0.8,0.6,0.6,0,High-Risk Stagnation Profile,High,0,1,3
922,25,Research & Development,Laboratory Technician,3,2,1,6,2,0.3333333333333333,0.6666666666666666,2.0,0.6666666666666666,3,Fast-Track Performers,Medium,0,4,4
923,40,Research & Development,Laboratory Technician,4,2,0,3,3,0.0,0.5,0.75,0.75,3,Fast-Track Performers,Low,0,2,2
924,36,Sales,Sales Executive,15,7,6,2,13,0.4,0.4666666666666667,0.13333333333333333,0.8666666666666667,0,High-Risk Stagnation Profile,High,0,1,1
925,48,Research & Development,Manufacturing Director,10,9,0,2,8,0.0,0.9,0.2,0.8,2,High-Risk Stagnation Profile,High,0,4,4
926,27,Sales,Sales Representative,1,0,0,4,0,0.0,0.0,4.0,0.0,1,Early-Career Explorers,Low,0,4,3
927,18,Research & Development,Laboratory Technician,0,0,0,5,0,0.0,0.0,0.0,0.0,1,Early-Career Explorers,Medium,0,4,4
928,35,Research & Development,Laboratory Technician,9,7,0,0,0,0.0,0.7777777777777778,0.0,0.0,3,Fast-Track Performers,Medium,0,4,4
929,27,Sales,Sales Executive,6,2,0,3,0,0.0,0.3333333333333333,0.5,0.0,3,Fast-Track Performers,Low,0,4,4
930,55,Sales,Sales Executive,19,7,3,2,8,0.15789473684210525,0.3684210526315789,0.10526315789473684,0.42105263157894735,2,High-Risk Stagnation Profile,Medium,1,3,1
931,34,Research & Development,Research Scientist,5,4,0,2,0,0.0,0.8,0.4,0.0,3,Fast-Track Performers,Medium,0,3,1
932,40,Research & Development,Healthcare Representative,12,11,11,0,8,0.9166666666666666,0.9166666666666666,0.0,0.6666666666666666,0,High-Risk Stagnation Profile,High,0,3,2
933,34,Research & Development,Laboratory Technician,8,7,7,1,7,0.875,0.875,0.125,0.875,0,High-Risk Stagnation Profile,High,0,3,2
934,31,Sales,Sales Representative,1,0,0,3,0,0.0,0.0,3.0,0.0,1,Early-Career Explorers,Low,1,4,3
935,35,Sales,Sales Executive,4,2,3,0,2,0.75,0.5,0.0,0.5,4,Promotion-Stalled Employees,High,1,3,4
936,38,Research & Development,Research Scientist,4,2,0,2,3,0.0,0.5,0.5,0.75,3,Fast-Track Performers,Low,0,3,4
937,34,Research & Development,Healthcare Representative,14,11,4,2,11,0.2857142857142857,0.7857142857142857,0.14285714285714285,0.7857142857142857,2,High-Risk Stagnation Profile,High,0,4,3
938,28,Sales,Sales Executive,5,3,0,0,4,0.0,0.6,0.0,0.8,3,Fast-Track Performers,Medium,0,1,3
939,31,Research & Development,Manufacturing Director,10,2,6,3,7,0.6,0.2,0.3,0.7,0,High-Risk Stagnation Profile,High,1,3,4
940,39,Sales,Sales Executive,5,4,1,2,4,0.2,0.8,0.4,0.8,3,Fast-Track Performers,Medium,0,4,1
941,51,Sales,Sales Executive,4,2,3,5,2,0.75,0.5,1.25,0.5,4,Promotion-Stalled Employees,High,0,2,2
942,41,Research & Development,Research Scientist,6,2,3,4,3,0.5,0.3333333333333333,0.6666666666666666,0.5,3,Fast-Track Performers,Medium,0,4,4
943,37,Research & Development,Research Scientist,6,4,1,2,3,0.16666666666666666,0.6666666666666666,0.3333333333333333,0.5,3,Fast-Track Performers,Medium,0,3,3
944,33,Sales,Sales Executive,5,4,1,2,2,0.2,0.8,0.4,0.4,3,Fast-Track Performers,Medium,0,4,2
945,32,Sales,Sales Executive,3,2,1,3,2,0.3333333333333333,0.6666666666666666,1.0,0.6666666666666666,3,Fast-Track Performers,Medium,0,2,3
946,39,Research & Development,Healthcare Representative,6,4,0,2,5,0.0,0.6666666666666666,0.3333333333333333,0.8333333333333334,3,Fast-Track Performers,Medium,0,3,3
947,25,Sales,Sales Executive,3,2,1,3,2,0.3333333333333333,0.6666666666666666,1.0,0.6666666666666666,3,Fast-Track Performers,Medium,0,3,1
948,52,Research & Development,Manufacturing Director,5,3,0,3,2,0.0,0.6,0.6,0.4,3,Fast-Track Performers,Low,0,3,4
949,43,Research & Development,Research Scientist,20,7,1,3,8,0.05,0.35,0.15,0.4,2,High-Risk Stagnation Profile,Medium,0,3,1
950,27,Sales,Sales Executive,6,2,4,3,4,0.6666666666666666,0.3333333333333333,0.5,0.6666666666666666,3,Fast-Track Performers,Medium,0,4,4
951,27,Research & Development,Research Scientist,8,2,7,2,7,0.875,0.25,0.25,0.875,0,High-Risk Stagnation Profile,High,1,3,4
952,26,Research & Development,Research Scientist,4,3,1,2,1,0.25,0.75,0.5,0.25,3,Fast-Track Performers,Medium,0,4,1
953,42,Human Resources,Manager,20,7,0,5,9,0.0,0.35,0.25,0.45,2,High-Risk Stagnation Profile,Medium,0,1,3
954,52,Research & Development,Laboratory Technician,5,4,0,2,4,0.0,0.8,0.4,0.8,3,Fast-Track Performers,Medium,0,1,3
955,37,Research & Development,Laboratory Technician,3,2,0,6,2,0.0,0.6666666666666666,2.0,0.6666666666666666,3,Fast-Track Performers,Medium,0,3,1
956,35,Research & Development,Manufacturing Director,2,2,2,2,2,1.0,1.0,1.0,1.0,4,Promotion-Stalled Employees,High,0,4,3
957,25,Research & Development,Laboratory Technician,3,2,0,2,2,0.0,0.6666666666666666,0.6666666666666666,0.6666666666666666,3,Fast-Track Performers,Medium,0,4,1
958,26,Research & Development,Laboratory Technician,7,7,0,2,7,0.0,1.0,0.2857142857142857,1.0,2,High-Risk Stagnation Profile,High,0,1,3
959,29,Human Resources,Human Resources,10,9,0,3,9,0.0,0.9,0.3,0.9,2,High-Risk Stagnation Profile,Medium,0,1,2
960,49,Research & Development,Laboratory Technician,4,3,1,2,3,0.25,0.75,0.5,0.75,3,Fast-Track Performers,Medium,1,1,1
961,29,Research & Development,Healthcare Representative,8,7,7,1,7,0.875,0.875,0.125,0.875,0,High-Risk Stagnation Profile,High,1,4,3
962,36,Sales,Sales Executive,5,4,0,3,1,0.0,0.8,0.6,0.2,3,Fast-Track Performers,Medium,0,2,1
963,31,Sales,Sales Representative,1,0,0,3,0,0.0,0.0,3.0,0.0,1,Early-Career Explorers,Low,1,3,2
964,30,Sales,Sales Executive,3,2,0,3,2,0.0,0.6666666666666666,1.0,0.6666666666666666,3,Fast-Track Performers,Medium,0,1,4
965,31,Research & Development,Research Director,3,2,1,3,0,0.3333333333333333,0.6666666666666666,1.0,0.0,3,Fast-Track Performers,Medium,0,2,1
966,34,Research & Development,Research Scientist,4,3,1,2,3,0.25,0.75,0.5,0.75,3,Fast-Track Performers,Medium,0,1,4
967,31,Research & Development,Research Scientist,1,0,0,3,0,0.0,0.0,3.0,0.0,1,Early-Career Explorers,Low,1,2,1
968,27,Research & Development,Laboratory Technician,5,0,1,3,4,0.2,0.0,0.6,0.8,3,Fast-Track Performers,Low,0,1,2
969,36,Research & Development,Laboratory Technician,10,4,1,2,8,0.1,0.4,0.2,0.8,2,High-Risk Stagnation Profile,Medium,0,4,1
970,36,Sales,Sales Executive,3,2,0,3,2,0.0,0.6666666666666666,1.0,0.6666666666666666,3,Fast-Track Performers,Medium,0,1,3
971,47,Research & Development,Research Scientist,6,5,1,2,2,0.16666666666666666,0.8333333333333334,0.3333333333333333,0.3333333333333333,3,Fast-Track Performers,Medium,0,4,1
972,25,Sales,Sales Representative,3,2,2,2,2,0.6666666666666666,0.6666666666666666,0.6666666666666666,0.6666666666666666,4,Promotion-Stalled Employees,High,1,1,1
973,37,Research & Development,Laboratory Technician,6,5,1,2,3,0.16666666666666666,0.8333333333333334,0.3333333333333333,0.5,3,Fast-Track Performers,Medium,0,3,3
974,56,Research & Development,Research Scientist,3,2,1,3,0,0.3333333333333333,0.6666666666666666,1.0,0.0,3,Fast-Track Performers,Medium,0,1,1
975,47,Research & Development,Research Director,20,17,5,2,6,0.25,0.85,0.1,0.3,2,High-Risk Stagnation Profile,High,0,3,1
976,24,Sales,Sales Executive,5,4,0,3,3,0.0,0.8,0.6,0.6,3,Fast-Track Performers,Medium,0,3,4
977,32,Sales,Sales Executive,4,3,0,3,3,0.0,0.75,0.75,0.75,3,Fast-Track Performers,Medium,0,4,4
978,34,Research & Development,Laboratory Technician,5,4,0,2,2,0.0,0.8,0.4,0.4,3,Fast-Track Performers,Medium,0,2,4
979,41,Research & Development,Research Scientist,4,2,0,5,3,0.0,0.5,1.25,0.75,3,Fast-Track Performers,Low,0,3,2
980,40,Research & Development,Laboratory Technician,8,7,0,2,7,0.0,0.875,0.25,0.875,2,High-Risk Stagnation Profile,High,0,3,3
981,31,Sales,Sales Executive,13,7,9,5,9,0.6923076923076923,0.5384615384615384,0.38461538461538464,0.6923076923076923,0,High-Risk Stagnation Profile,High,0,4,1
982,46,Sales,Sales Executive,7,7,4,1,3,0.5714285714285714,1.0,0.14285714285714285,0.42857142857142855,0,High-Risk Stagnation Profile,High,1,4,1
983,39,Research & Development,Laboratory Technician,1,0,0,2,0,0.0,0.0,2.0,0.0,1,Early-Career Explorers,Low,1,1,1
984,31,Research & Development,Manufacturing Director,10,8,4,2,7,0.4,0.8,0.2,0.7,2,High-Risk Stagnation Profile,High,1,2,3
985,45,Research & Development,Healthcare Representative,7,7,0,2,7,0.0,1.0,0.2857142857142857,1.0,2,High-Risk Stagnation Profile,High,0,1,2
986,31,Human Resources,Human Resources,3,2,0,3,2,0.0,0.6666666666666666,1.0,0.6666666666666666,3,Fast-Track Performers,Medium,0,2,4
987,31,Research & Development,Laboratory Technician,2,2,2,2,2,1.0,1.0,1.0,1.0,4,Promotion-Stalled Employees,High,1,4,2
988,45,Research & Development,Manufacturing Director,3,1,1,4,2,0.3333333333333333,0.3333333333333333,1.3333333333333333,0.6666666666666666,3,Fast-Track Performers,Medium,0,4,2
989,48,Sales,Sales Executive,2,2,2,3,2,1.0,1.0,1.5,1.0,4,Promotion-Stalled Employees,High,0,1,3
990,34,Human Resources,Human Resources,2,2,2,0,2,1.0,1.0,0.0,1.0,4,Promotion-Stalled Employees,High,1,3,1
991,40,Research & Development,Research Director,9,8,4,5,8,0.4444444444444444,0.8888888888888888,0.5555555555555556,0.8888888888888888,2,High-Risk Stagnation Profile,High,0,2,4
992,28,Sales,Sales Executive,5,4,1,4,3,0.2,0.8,0.8,0.6,3,Fast-Track Performers,Medium,0,1,4
993,44,Research & Development,Laboratory Technician,5,2,0,5,3,0.0,0.4,1.0,0.6,3,Fast-Track Performers,Low,0,3,3
994,49,Research & Development,Healthcare Representative,3,2,1,0,2,0.3333333333333333,0.6666666666666666,0.0,0.6666666666666666,3,Fast-Track Performers,High,0,3,1
995,40,Research & Development,Research Scientist,3,1,1,3,2,0.3333333333333333,0.3333333333333333,1.0,0.6666666666666666,3,Fast-Track Performers,Medium,0,3,3
996,44,Research & Development,Research Scientist,5,2,1,3,3,0.2,0.4,0.6,0.6,3,Fast-Track Performers,Low,0,2,4
997,33,Sales,Sales Executive,4,3,0,2,3,0.0,0.75,0.5,0.75,3,Fast-Track Performers,Medium,0,1,4
998,34,Sales,Sales Executive,13,9,3,2,12,0.23076923076923078,0.6923076923076923,0.15384615384615385,0.9230769230769231,2,High-Risk Stagnation Profile,High,0,1,4
999,30,Sales,Sales Executive,2,1,2,2,2,1.0,0.5,1.0,1.0,4,Promotion-Stalled Employees,High,0,3,4
1000,42,Research & Development,Laboratory Technician,12,9,5,3,8,0.4166666666666667,0.75,0.25,0.6666666666666666,2,High-Risk Stagnation Profile,High,0,4,1
1001,44,Sales,Sales Executive,1,0,0,4,0,0.0,0.0,4.0,0.0,1,Early-Career Explorers,Low,0,3,1
1002,30,Research & Development,Research Scientist,1,0,0,2,0,0.0,0.0,2.0,0.0,1,Early-Career Explorers,Low,0,3,3
1003,57,Research & Development,Research Scientist,12,9,2,2,8,0.16666666666666666,0.75,0.16666666666666666,0.6666666666666666,2,High-Risk Stagnation Profile,High,0,3,2
1004,34,Research & Development,Research Director,14,8,6,3,9,0.42857142857142855,0.5714285714285714,0.21428571428571427,0.6428571428571429,0,High-Risk Stagnation Profile,High,0,1,2
1005,28,Sales,Sales Representative,3,2,1,3,2,0.3333333333333333,0.6666666666666666,1.0,0.6666666666666666,3,Fast-Track Performers,Medium,1,3,1
1006,29,Sales,Sales Executive,5,3,0,4,0,0.0,0.6,0.8,0.0,3,Fast-Track Performers,Low,1,2,1
1007,34,Sales,Sales Executive,15,9,10,2,10,0.6666666666666666,0.6,0.13333333333333333,0.6666666666666666,0,High-Risk Stagnation Profile,High,1,2,1
1008,35,Sales,Sales Representative,1,0,0,3,0,0.0,0.0,3.0,0.0,1,Early-Career Explorers,Low,0,3,4
1009,24,Research & Development,Laboratory Technician,0,0,0,2,0,0.0,0.0,0.0,0.0,1,Early-Career Explorers,Medium,1,1,2
1010,24,Sales,Sales Representative,1,0,0,2,0,0.0,0.0,2.0,0.0,1,Early-Career Explorers,Low,0,2,4
1011,44,Research & Development,Manufacturing Director,2,2,2,2,2,1.0,1.0,1.0,1.0,4,Promotion-Stalled Employees,High,0,3,2
1012,29,Sales,Sales Executive,10,7,0,3,4,0.0,0.7,0.3,0.4,2,High-Risk Stagnation Profile,Medium,0,3,3
1013,30,Human Resources,Human Resources,5,3,1,3,3,0.2,0.6,0.6,0.6,3,Fast-Track Performers,Low,0,3,3
1014,55,Research & Development,Healthcare Representative,3,2,1,2,2,0.3333333333333333,0.6666666666666666,0.6666666666666666,0.6666666666666666,3,Fast-Track Performers,Medium,0,3,4
1015,33,Research & Development,Laboratory Technician,5,4,0,5,2,0.0,0.8,1.0,0.4,3,Fast-Track Performers,Medium,0,2,1
1016,47,Sales,Sales Executive,5,4,1,4,2,0.2,0.8,0.8,0.4,3,Fast-Track Performers,Medium,0,3,3
1017,28,Research & Development,Laboratory Technician,0,0,0,2,0,0.0,0.0,0.0,0.0,1,Early-Career Explorers,Medium,1,1,3
1018,28,Research & Development,Research Scientist,1,0,0,2,0,0.0,0.0,2.0,0.0,1,Early-Career Explorers,Low,0,3,1
1019,28,Sales,Sales Executive,4,2,1,5,3,0.25,0.5,1.25,0.75,3,Fast-Track Performers,Low,0,1,3
1020,49,Research & Development,Laboratory Technician,3,2,1,3,2,0.3333333333333333,0.6666666666666666,1.0,0.6666666666666666,3,Fast-Track Performers,Medium,0,1,3
1021,29,Research & Development,Laboratory Technician,3,2,0,3,2,0.0,0.6666666666666666,1.0,0.6666666666666666,3,Fast-Track Performers,Medium,0,2,4
1022,28,Research & Development,Manufacturing Director,8,6,1,2,7,0.125,0.75,0.25,0.875,2,High-Risk Stagnation Profile,High,0,2,3
1023,33,Research & Development,Healthcare Representative,0,0,0,6,0,0.0,0.0,0.0,0.0,1,Early-Career Explorers,Medium,0,3,4
1024,32,Research & Development,Manager,5,2,0,5,0,0.0,0.4,1.0,0.0,1,Early-Career Explorers,Low,0,4,3
1025,54,Research & Development,Manager,14,9,1,2,12,0.07142857142857142,0.6428571428571429,0.14285714285714285,0.8571428571428571,2,High-Risk Stagnation Profile,High,0,4,2
1026,29,Research & Development,Research Scientist,9,7,0,2,7,0.0,0.7777777777777778,0.2222222222222222,0.7777777777777778,2,High-Risk Stagnation Profile,High,1,1,1
1027,44,Research & Development,Research Director,20,6,14,1,17,0.7,0.3,0.05,0.85,0,High-Risk Stagnation Profile,High,0,1,4
1028,39,Research & Development,Manufacturing Director,2,0,2,3,2,1.0,0.0,1.5,1.0,4,Promotion-Stalled Employees,High,0,2,2
1029,46,Sales,Manager,13,12,5,2,1,0.38461538461538464,0.9230769230769231,0.15384615384615385,0.07692307692307693,0,High-Risk Stagnation Profile,High,0,2,3
1030,35,Research & Development,Healthcare Representative,11,8,3,3,3,0.2727272727272727,0.7272727272727273,0.2727272727272727,0.2727272727272727,2,High-Risk Stagnation Profile,High,0,2,4
1031,23,Research & Development,Laboratory Technician,4,3,1,2,2,0.25,0.75,0.5,0.5,3,Fast-Track Performers,Medium,0,3,1
1032,40,Research & Development,Laboratory Technician,5,4,1,3,0,0.2,0.8,0.6,0.0,3,Fast-Track Performers,Medium,1,1,4
1033,34,Sales,Sales Executive,10,9,8,3,6,0.8,0.9,0.3,0.6,0,High-Risk Stagnation Profile,High,0,3,4
1034,31,Research & Development,Research Scientist,7,2,7,2,7,1.0,0.2857142857142857,0.2857142857142857,1.0,0,High-Risk Stagnation Profile,High,1,3,4
1035,34,Sales,Sales Representative,11,10,5,4,7,0.45454545454545453,0.9090909090909091,0.36363636363636365,0.6363636363636364,2,High-Risk Stagnation Profile,High,0,3,2
1036,42,Research & Development,Laboratory Technician,1,0,0,3,0,0.0,0.0,3.0,0.0,1,Early-Career Explorers,Low,0,2,3
1037,37,Research & Development,Research Scientist,10,8,3,2,7,0.3,0.8,0.2,0.7,2,High-Risk Stagnation Profile,High,0,4,1
1038,29,Research & Development,Healthcare Representative,7,7,0,3,7,0.0,1.0,0.42857142857142855,1.0,2,High-Risk Stagnation Profile,Medium,0,1,3
1039,33,Research & Development,Manufacturing Director,5,3,0,2,2,0.0,0.6,0.4,0.4,3,Fast-Track Performers,Low,0,2,4
1040,45,Research & Development,Research Scientist,5,4,0,3,3,0.0,0.8,0.6,0.6,3,Fast-Track Performers,Medium,0,4,4
1041,42,Research & Development,Healthcare Representative,20,8,13,3,9,0.65,0.4,0.15,0.45,0,High-Risk Stagnation Profile,High,0,4,4
1042,40,Sales,Sales Executive,8,4,7,5,1,0.875,0.5,0.625,0.125,0,High-Risk Stagnation Profile,High,0,1,1
1043,33,Research & Development,Laboratory Technician,15,14,5,3,7,0.3333333333333333,0.9333333333333333,0.2,0.4666666666666667,2,High-Risk Stagnation Profile,High,0,3,2
1044,40,Human Resources,Manager,21,7,7,2,7,0.3333333333333333,0.3333333333333333,0.09523809523809523,0.3333333333333333,0,High-Risk Stagnation Profile,High,0,4,3
1045,24,Research & Development,Laboratory Technician,1,1,0,3,0,0.0,1.0,3.0,0.0,1,Early-Career Explorers,Medium,0,1,3
1046,40,Research & Development,Healthcare Representative,2,2,2,2,2,1.0,1.0,1.0,1.0,4,Promotion-Stalled Employees,High,0,4,4
1047,45,Research & Development,Healthcare Representative,10,8,7,4,7,0.7,0.8,0.4,0.7,0,High-Risk Stagnation Profile,High,0,2,1
1048,35,Sales,Sales Representative,5,3,4,5,2,0.8,0.6,1.0,0.4,4,Promotion-Stalled Employees,High,0,3,2
1049,32,Research & Development,Research Scientist,7,1,2,2,5,0.2857142857142857,0.14285714285714285,0.2857142857142857,0.7142857142857143,3,Fast-Track Performers,Medium,0,2,4
1050,36,Sales,Sales Representative,3,2,1,3,2,0.3333333333333333,0.6666666666666666,1.0,0.6666666666666666,3,Fast-Track Performers,Medium,0,4,3
1051,48,Sales,Sales Executive,8,7,7,2,7,0.875,0.875,0.25,0.875,0,High-Risk Stagnation Profile,High,0,3,3
1052,29,Research & Development,Research Scientist,1,0,0,2,0,0.0,0.0,2.0,0.0,1,Early-Career Explorers,Low,0,3,3
1053,33,Sales,Sales Executive,2,2,2,6,2,1.0,1.0,3.0,1.0,4,Promotion-Stalled Employees,High,0,1,1
1054,30,Sales,Sales Executive,10,8,6,4,7,0.6,0.8,0.4,0.7,0,High-Risk Stagnation Profile,High,1,1,2
1055,38,Human Resources,Human Resources,6,3,1,2,2,0.16666666666666666,0.5,0.3333333333333333,0.3333333333333333,3,Fast-Track Performers,Low,0,3,3
1056,35,Research & Development,Laboratory Technician,3,0,1,3,2,0.3333333333333333,0.0,1.0,0.6666666666666666,3,Fast-Track Performers,Medium,0,1,4
1057,30,Sales,Sales Executive,4,2,1,3,3,0.25,0.5,0.75,0.75,3,Fast-Track Performers,Low,0,2,3
1058,35,Research & Development,Laboratory Technician,1,0,0,2,0,0.0,0.0,2.0,0.0,1,Early-Career Explorers,Low,1,1,1
1059,38,Research & Development,Manufacturing Director,5,2,1,2,4,0.2,0.4,0.4,0.8,3,Fast-Track Performers,Low,1,2,3
1060,32,Research & Development,Research Scientist,6,5,1,3,2,0.16666666666666666,0.8333333333333334,0.5,0.3333333333333333,3,Fast-Track Performers,Medium,0,1,4
1061,48,Research & Development,Research Scientist,8,2,7,3,6,0.875,0.25,0.375,0.75,0,High-Risk Stagnation Profile,High,0,1,3
1062,34,Research & Development,Research Scientist,1,0,0,4,0,0.0,0.0,4.0,0.0,1,Early-Career Explorers,Low,0,4,1
1063,34,Research & Development,Research Scientist,2,2,2,3,1,1.0,1.0,1.5,0.5,4,Promotion-Stalled Employees,High,0,4,2
1064,26,Research & Development,Research Scientist,1,0,0,5,0,0.0,0.0,5.0,0.0,1,Early-Career Explorers,Low,0,4,1
1065,38,Sales,Sales Executive,9,8,7,3,7,0.7777777777777778,0.8888888888888888,0.3333333333333333,0.7777777777777778,0,High-Risk Stagnation Profile,High,0,2,3
1066,38,Sales,Sales Executive,3,2,1,5,2,0.3333333333333333,0.6666666666666666,1.6666666666666667,0.6666666666666666,3,Fast-Track Performers,Medium,0,2,2
1067,36,Sales,Sales Executive,1,0,0,5,0,0.0,0.0,5.0,0.0,1,Early-Career Explorers,Low,0,3,2
1068,29,Research & Development,Laboratory Technician,10,9,1,3,5,0.1,0.9,0.3,0.5,2,High-Risk Stagnation Profile,Medium,0,1,2
1069,35,Research & Development,Healthcare Representative,5,2,0,4,4,0.0,0.4,0.8,0.8,3,Fast-Track Performers,Low,0,3,1
1070,39,Sales,Sales Executive,7,6,7,3,6,1.0,0.8571428571428571,0.42857142857142855,0.8571428571428571,0,High-Risk Stagnation Profile,High,0,3,4
1071,29,Research & Development,Healthcare Representative,6,4,1,0,3,0.16666666666666666,0.6666666666666666,0.0,0.5,3,Fast-Track Performers,Medium,0,4,1
1072,50,Sales,Manager,1,0,0,2,0,0.0,0.0,2.0,0.0,1,Early-Career Explorers,Low,0,3,3
1073,23,Research & Development,Research Scientist,2,2,2,2,2,1.0,1.0,1.0,1.0,4,Promotion-Stalled Employees,High,0,3,4
1074,36,Research & Development,Laboratory Technician,3,2,0,3,2,0.0,0.6666666666666666,1.0,0.6666666666666666,3,Fast-Track Performers,Medium,0,1,1
1075,42,Research & Development,Manager,1,0,0,2,1,0.0,0.0,2.0,1.0,3,Fast-Track Performers,Low,0,4,4
1076,35,Research & Development,Laboratory Technician,10,9,6,3,8,0.6,0.9,0.3,0.8,0,High-Risk Stagnation Profile,High,0,3,2
1077,34,Research & Development,Healthcare Representative,8,2,7,3,7,0.875,0.25,0.375,0.875,0,High-Risk Stagnation Profile,High,0,3,4
1078,40,Sales,Sales Executive,5,4,1,2,2,0.2,0.8,0.4,0.4,3,Fast-Track Performers,Medium,0,1,4
1079,43,Research & Development,Laboratory Technician,6,4,0,0,2,0.0,0.6666666666666666,0.0,0.3333333333333333,3,Fast-Track Performers,Medium,0,2,4
1080,35,Research & Development,Laboratory Technician,1,0,0,5,1,0.0,0.0,5.0,1.0,1,Early-Career Explorers,Low,0,4,3
1081,46,Sales,Manager,26,0,0,5,12,0.0,0.0,0.19230769230769232,0.46153846153846156,2,High-Risk Stagnation Profile,Medium,0,1,4
1082,28,Research & Development,Laboratory Technician,1,1,0,3,0,0.0,1.0,3.0,0.0,1,Early-Career Explorers,Medium,1,2,3
1083,22,Research & Development,Research Scientist,4,2,1,2,3,0.25,0.5,0.5,0.75,3,Fast-Track Performers,Low,0,3,2
1084,32,Research & Development,Research Scientist,3,2,0,3,2,0.0,0.6666666666666666,1.0,0.6666666666666666,3,Fast-Track Performers,Medium,0,4,2
1085,44,Research & Development,Research Director,22,7,1,4,10,0.045454545454545456,0.3181818181818182,0.18181818181818182,0.45454545454545453,2,High-Risk Stagnation Profile,Medium,0,4,2
1086,30,Research & Development,Research Scientist,6,4,1,3,1,0.16666666666666666,0.6666666666666666,0.5,0.16666666666666666,3,Fast-Track Performers,Medium,0,2,2
1087,45,Research & Development,Laboratory Technician,10,7,1,3,4,0.1,0.7,0.3,0.4,2,High-Risk Stagnation Profile,Medium,0,1,3
1088,45,Sales,Sales Executive,10,7,4,2,5,0.4,0.7,0.2,0.5,2,High-Risk Stagnation Profile,High,0,1,1
1089,31,Sales,Sales Executive,5,2,0,3,3,0.0,0.4,0.6,0.6,3,Fast-Track Performers,Low,0,1,4
1090,36,Research & Development,Manufacturing Director,3,2,1,2,1,0.3333333333333333,0.6666666666666666,0.6666666666666666,0.3333333333333333,3,Fast-Track Performers,Medium,0,3,3
1091,34,Research & Development,Manufacturing Director,9,7,7,3,2,0.7777777777777778,0.7777777777777778,0.3333333333333333,0.2222222222222222,0,High-Risk Stagnation Profile,High,0,4,3
1092,49,Research & Development,Laboratory Technician,9,6,1,3,4,0.1111111111111111,0.6666666666666666,0.3333333333333333,0.4444444444444444,3,Fast-Track Performers,Medium,0,1,3
1093,39,Research & Development,Manufacturing Director,7,7,7,3,7,1.0,1.0,0.42857142857142855,1.0,0,High-Risk Stagnation Profile,High,0,1,2
1094,27,Research & Development,Laboratory Technician,7,7,0,3,7,0.0,1.0,0.42857142857142855,1.0,2,High-Risk Stagnation Profile,Medium,0,1,4
1095,35,Research & Development,Research Scientist,16,15,1,2,10,0.0625,0.9375,0.125,0.625,2,High-Risk Stagnation Profile,High,0,1,2
1096,28,Research & Development,Manufacturing Director,5,3,0,5,0,0.0,0.6,1.0,0.0,3,Fast-Track Performers,Low,0,1,2
1097,21,Research & Development,Research Scientist,2,2,2,2,2,1.0,1.0,1.0,1.0,4,Promotion-Stalled Employees,High,0,4,3
1098,18,Sales,Sales Representative,0,0,0,2,0,0.0,0.0,0.0,0.0,1,Early-Career Explorers,Medium,1,4,2
1099,47,Human Resources,Manager,5,2,1,2,0,0.2,0.4,0.4,0.0,3,Fast-Track Performers,Low,0,3,4
1100,39,Research & Development,Laboratory Technician,10,8,0,3,7,0.0,0.8,0.3,0.7,2,High-Risk Stagnation Profile,Medium,0,3,3
1101,40,Research & Development,Manufacturing Director,18,15,14,2,12,0.7777777777777778,0.8333333333333334,0.1111111111111111,0.6666666666666666,0,High-Risk Stagnation Profile,High,0,3,1
1102,35,Research & Development,Healthcare Representative,14,11,2,5,9,0.14285714285714285,0.7857142857142857,0.35714285714285715,0.6428571428571429,2,High-Risk Stagnation Profile,Medium,0,3,3
1103,37,Research & Development,Manufacturing Director,4,3,0,2,2,0.0,0.75,0.5,0.5,3,Fast-Track Performers,Medium,0,3,3
1104,39,Research & Development,Manufacturing Director,9,2,3,2,8,0.3333333333333333,0.2222222222222222,0.2222222222222222,0.8888888888888888,3,Fast-Track Performers,Medium,0,3,1
1105,45,Research & Development,Manufacturing Director,10,7,3,3,9,0.3,0.7,0.3,0.9,2,High-Risk Stagnation Profile,High,0,4,4
1106,38,Research & Development,Manufacturing Director,5,4,0,6,2,0.0,0.8,1.2,0.4,3,Fast-Track Performers,Medium,0,3,4
1107,35,Sales,Sales Executive,13,12,6,3,0,0.46153846153846156,0.9230769230769231,0.23076923076923078,0.0,0,High-Risk Stagnation Profile,High,1,1,4
1108,37,Research & Development,Research Scientist,8,4,7,2,7,0.875,0.5,0.25,0.875,0,High-Risk Stagnation Profile,High,0,2,2
1109,40,Research & Development,Manufacturing Director,4,2,3,2,3,0.75,0.5,0.5,0.75,4,Promotion-Stalled Employees,High,0,4,3
1110,44,Human Resources,Human Resources,10,7,0,3,2,0.0,0.7,0.3,0.2,3,Fast-Track Performers,Medium,0,4,1
1111,48,Research & Development,Manager,2,2,2,3,2,1.0,1.0,1.5,1.0,4,Promotion-Stalled Employees,High,0,4,3
1112,35,Sales,Sales Executive,2,2,2,2,2,1.0,1.0,1.0,1.0,4,Promotion-Stalled Employees,High,1,4,1
1113,24,Research & Development,Research Scientist,6,3,1,2,3,0.16666666666666666,0.5,0.3333333333333333,0.5,3,Fast-Track Performers,Low,0,4,1
1114,27,Research & Development,Research Scientist,3,2,0,0,2,0.0,0.6666666666666666,0.0,0.6666666666666666,3,Fast-Track Performers,Medium,0,3,2
1115,27,Research & Development,Research Scientist,4,2,1,0,2,0.25,0.5,0.0,0.5,3,Fast-Track Performers,Medium,0,4,4
1116,40,Research & Development,Laboratory Technician,4,2,0,3,3,0.0,0.5,0.75,0.75,3,Fast-Track Performers,Low,1,1,1
1117,29,Sales,Sales Executive,5,2,1,2,4,0.2,0.4,0.4,0.8,3,Fast-Track Performers,Low,0,3,3
1118,36,Research & Development,Healthcare Representative,3,2,0,6,2,0.0,0.6666666666666666,2.0,0.6666666666666666,3,Fast-Track Performers,Medium,0,1,2
1119,25,Research & Development,Manufacturing Director,7,7,0,6,7,0.0,1.0,0.8571428571428571,1.0,2,High-Risk Stagnation Profile,Medium,0,3,4
1120,39,Research & Development,Manufacturing Director,5,4,1,3,0,0.2,0.8,0.6,0.0,3,Fast-Track Performers,Medium,0,2,4
1121,49,Research & Development,Research Director,4,2,1,2,2,0.25,0.5,0.5,0.5,3,Fast-Track Performers,Low,0,2,1
1122,50,Research & Development,Research Director,14,11,1,3,11,0.07142857142857142,0.7857142857142857,0.21428571428571427,0.7857142857142857,2,High-Risk Stagnation Profile,High,0,1,4
1123,20,Sales,Sales Representative,2,2,2,3,2,1.0,1.0,1.5,1.0,4,Promotion-Stalled Employees,High,0,3,3
1124,34,Research & Development,Research Scientist,11,8,7,2,9,0.6363636363636364,0.7272727272727273,0.18181818181818182,0.8181818181818182,0,High-Risk Stagnation Profile,High,0,2,4
1125,36,Research & Development,Laboratory Technician,4,3,1,4,3,0.25,0.75,1.0,0.75,3,Fast-Track Performers,Medium,0,2,1
1126,36,Research & Development,Manufacturing Director,3,2,1,6,2,0.3333333333333333,0.6666666666666666,2.0,0.6666666666666666,3,Fast-Track Performers,Medium,0,3,4
1127,36,Research & Development,Healthcare Representative,5,4,0,3,4,0.0,0.8,0.6,0.8,3,Fast-Track Performers,Medium,0,1,4
1128,43,Research & Development,Research Director,14,10,6,3,11,0.42857142857142855,0.7142857142857143,0.21428571428571427,0.7857142857142857,0,High-Risk Stagnation Profile,High,0,3,3
1129,35,Sales,Sales Executive,11,9,6,2,7,0.5454545454545454,0.8181818181818182,0.18181818181818182,0.6363636363636364,0,High-Risk Stagnation Profile,High,1,4,4
1130,38,Research & Development,Research Scientist,13,11,2,4,9,0.15384615384615385,0.8461538461538461,0.3076923076923077,0.6923076923076923,2,High-Risk Stagnation Profile,Medium,0,4,4
1131,29,Sales,Sales Executive,10,0,0,3,9,0.0,0.0,0.3,0.9,3,Fast-Track Performers,Low,0,2,1
1132,33,Sales,Sales Executive,6,2,0,5,4,0.0,0.3333333333333333,0.8333333333333334,0.6666666666666666,3,Fast-Track Performers,Low,0,4,4
1133,32,Research & Development,Research Scientist,9,5,1,4,6,0.1111111111111111,0.5555555555555556,0.4444444444444444,0.6666666666666666,2,High-Risk Stagnation Profile,Medium,0,2,4
1134,31,Sales,Sales Executive,10,0,0,2,2,0.0,0.0,0.2,0.2,3,Fast-Track Performers,Medium,0,4,1
1135,49,Research & Development,Laboratory Technician,2,2,2,2,2,1.0,1.0,1.0,1.0,4,Promotion-Stalled Employees,High,0,1,4
1136,38,Research & Development,Laboratory Technician,4,3,3,3,3,0.75,0.75,0.75,0.75,4,Promotion-Stalled Employees,High,0,2,4
1137,49,Research & Development,Manager,8,7,0,2,0,0.0,0.875,0.25,0.0,3,Fast-Track Performers,Medium,0,3,3
1138,41,Sales,Sales Executive,2,0,0,2,2,0.0,0.0,1.0,1.0,3,Fast-Track Performers,Low,0,3,4
1139,20,Sales,Sales Representative,2,2,0,3,2,0.0,1.0,1.5,1.0,3,Fast-Track Performers,Medium,0,1,4
1140,33,Sales,Sales Executive,6,5,1,2,2,0.16666666666666666,0.8333333333333334,0.3333333333333333,0.3333333333333333,3,Fast-Track Performers,Medium,0,4,3
1141,36,Research & Development,Healthcare Representative,3,2,0,2,2,0.0,0.6666666666666666,0.6666666666666666,0.6666666666666666,3,Fast-Track Performers,Medium,0,3,1
1142,44,Human Resources,Human Resources,2,2,2,2,2,1.0,1.0,1.0,1.0,4,Promotion-Stalled Employees,High,0,4,3
1143,23,Research & Development,Laboratory Technician,5,4,1,2,2,0.2,0.8,0.4,0.4,3,Fast-Track Performers,Medium,1,3,4
1144,38,Research & Development,Laboratory Technician,0,0,0,5,0,0.0,0.0,0.0,0.0,1,Early-Career Explorers,Medium,0,3,4
1145,53,Research & Development,Healthcare Representative,4,3,1,2,2,0.25,0.75,0.5,0.5,3,Fast-Track Performers,Medium,0,4,2
1146,48,Sales,Sales Representative,9,7,7,3,7,0.7777777777777778,0.7777777777777778,0.3333333333333333,0.7777777777777778,0,High-Risk Stagnation Profile,High,1,3,4
1147,32,Research & Development,Laboratory Technician,1,0,0,2,0,0.0,0.0,2.0,0.0,1,Early-Career Explorers,Low,1,2,4
1148,26,Research & Development,Laboratory Technician,7,7,5,5,7,0.7142857142857143,1.0,0.7142857142857143,1.0,0,High-Risk Stagnation Profile,High,0,4,4
1149,55,Research & Development,Research Scientist,4,2,1,1,2,0.25,0.5,0.25,0.5,3,Fast-Track Performers,Medium,0,2,1
1150,34,Research & Development,Laboratory Technician,15,10,4,3,13,0.26666666666666666,0.6666666666666666,0.2,0.8666666666666667,2,High-Risk Stagnation Profile,High,0,4,2
1151,60,Research & Development,Healthcare Representative,1,0,0,2,0,0.0,0.0,2.0,0.0,1,Early-Career Explorers,Low,0,4,3
1152,33,Research & Development,Laboratory Technician,14,11,2,6,13,0.14285714285714285,0.7857142857142857,0.42857142857142855,0.9285714285714286,2,High-Risk Stagnation Profile,Medium,0,2,2
1153,37,Sales,Sales Executive,6,3,1,2,3,0.16666666666666666,0.5,0.3333333333333333,0.5,3,Fast-Track Performers,Low,0,4,3
1154,34,Research & Development,Research Scientist,10,9,8,3,7,0.8,0.9,0.3,0.7,0,High-Risk Stagnation Profile,High,0,4,2
1155,23,Sales,Sales Representative,3,2,0,2,2,0.0,0.6666666666666666,0.6666666666666666,0.6666666666666666,3,Fast-Track Performers,Medium,1,4,3
1156,44,Research & Development,Healthcare Representative,8,7,6,2,7,0.75,0.875,0.25,0.875,0,High-Risk Stagnation Profile,High,0,4,3
1157,35,Research & Development,Research Scientist,5,4,1,2,4,0.2,0.8,0.4,0.8,3,Fast-Track Performers,Medium,0,4,1
1158,43,Sales,Sales Executive,10,9,8,3,8,0.8,0.9,0.3,0.8,0,High-Risk Stagnation Profile,High,0,4,4
1159,24,Research & Development,Research Scientist,5,3,0,1,4,0.0,0.6,0.2,0.8,3,Fast-Track Performers,Medium,0,3,3
1160,41,Sales,Sales Executive,10,8,8,3,7,0.8,0.8,0.3,0.7,0,High-Risk Stagnation Profile,High,0,3,4
1161,29,Research & Development,Laboratory Technician,5,3,1,2,2,0.2,0.6,0.4,0.4,3,Fast-Track Performers,Low,0,3,4
1162,36,Sales,Sales Representative,13,7,6,2,7,0.46153846153846156,0.5384615384615384,0.15384615384615385,0.5384615384615384,0,High-Risk Stagnation Profile,High,0,4,3
1163,45,Research & Development,Healthcare Representative,23,15,14,3,4,0.6086956521739131,0.6521739130434783,0.13043478260869565,0.17391304347826086,0,High-Risk Stagnation Profile,High,0,3,3
1164,24,Human Resources,Human Resources,1,0,0,2,0,0.0,0.0,2.0,0.0,1,Early-Career Explorers,Low,1,3,4
1165,47,Sales,Sales Executive,23,5,14,3,10,0.6086956521739131,0.21739130434782608,0.13043478260869565,0.43478260869565216,0,High-Risk Stagnation Profile,High,1,3,3
1166,26,Research & Development,Laboratory Technician,3,2,0,3,2,0.0,0.6666666666666666,1.0,0.6666666666666666,3,Fast-Track Performers,Medium,0,3,4
1167,45,Research & Development,Research Director,21,6,8,2,6,0.38095238095238093,0.2857142857142857,0.09523809523809523,0.2857142857142857,0,High-Risk Stagnation Profile,High,0,2,4
1168,32,Research & Development,Research Scientist,5,2,1,3,3,0.2,0.4,0.6,0.6,3,Fast-Track Performers,Low,0,3,1
1169,31,Research & Development,Laboratory Technician,5,2,0,2,3,0.0,0.4,0.4,0.6,3,Fast-Track Performers,Low,0,3,2
1170,41,Human Resources,Human Resources,3,2,1,4,2,0.3333333333333333,0.6666666666666666,1.3333333333333333,0.6666666666666666,3,Fast-Track Performers,Medium,0,2,3
1171,40,Research & Development,Manufacturing Director,1,0,0,3,0,0.0,0.0,3.0,0.0,1,Early-Career Explorers,Low,0,1,2
1172,24,Research & Development,Laboratory Technician,6,2,1,2,2,0.16666666666666666,0.3333333333333333,0.3333333333333333,0.3333333333333333,3,Fast-Track Performers,Low,0,1,2
1173,46,Research & Development,Healthcare Representative,10,7,0,3,9,0.0,0.7,0.3,0.9,2,High-Risk Stagnation Profile,Medium,0,2,3
1174,35,Research & Development,Manufacturing Director,7,7,0,3,7,0.0,1.0,0.42857142857142855,1.0,2,High-Risk Stagnation Profile,Medium,0,3,4
1175,30,Research & Development,Research Scientist,10,0,0,2,8,0.0,0.0,0.2,0.8,3,Fast-Track Performers,Medium,0,4,2
1176,47,Sales,Sales Executive,1,0,0,3,0,0.0,0.0,3.0,0.0,1,Early-Career Explorers,Low,0,2,3
1177,46,Sales,Sales Executive,10,6,0,5,3,0.0,0.6,0.5,0.3,3,Fast-Track Performers,Low,0,4,3
1178,36,Sales,Sales Executive,2,2,2,3,2,1.0,1.0,1.5,1.0,4,Promotion-Stalled Employees,High,1,1,2
1179,32,Sales,Sales Executive,0,0,0,2,0,0.0,0.0,0.0,0.0,1,Early-Career Explorers,Medium,1,2,1
1180,23,Research & Development,Laboratory Technician,3,2,1,3,2,0.3333333333333333,0.6666666666666666,1.0,0.6666666666666666,3,Fast-Track Performers,Medium,0,2,3
1181,31,Research & Development,Manufacturing Director,5,4,1,3,4,0.2,0.8,0.6,0.8,3,Fast-Track Performers,Medium,0,4,4
1182,39,Research & Development,Laboratory Technician,9,8,5,2,8,0.5555555555555556,0.8888888888888888,0.2222222222222222,0.8888888888888888,0,High-Risk Stagnation Profile,High,0,4,4
1183,32,Sales,Sales Executive,4,3,0,2,2,0.0,0.75,0.5,0.5,3,Fast-Track Performers,Medium,0,3,4
1184,40,Sales,Manager,21,8,12,3,8,0.5714285714285714,0.38095238095238093,0.14285714285714285,0.38095238095238093,0,High-Risk Stagnation Profile,High,0,2,2
1185,45,Human Resources,Human Resources,5,0,0,2,3,0.0,0.0,0.4,0.6,3,Fast-Track Performers,Low,0,3,3
1186,30,Research & Development,Research Scientist,9,7,0,2,7,0.0,0.7777777777777778,0.2222222222222222,0.7777777777777778,2,High-Risk Stagnation Profile,High,0,1,4
1187,24,Human Resources,Human Resources,2,2,2,2,1,1.0,1.0,1.0,0.5,4,Promotion-Stalled Employees,High,0,4,1
1188,30,Human Resources,Human Resources,4,2,1,0,2,0.25,0.5,0.0,0.5,3,Fast-Track Performers,Medium,1,4,3
1189,31,Sales,Sales Executive,5,2,0,3,2,0.0,0.4,0.6,0.4,3,Fast-Track Performers,Low,0,3,1
1190,27,Research & Development,Research Scientist,6,2,1,5,4,0.16666666666666666,0.3333333333333333,0.8333333333333334,0.6666666666666666,3,Fast-Track Performers,Low,0,4,3
1191,29,Sales,Sales Representative,2,2,2,3,2,1.0,1.0,1.5,1.0,4,Promotion-Stalled Employees,High,1,2,2
1192,29,Research & Development,Healthcare Representative,3,2,0,5,2,0.0,0.6666666666666666,1.6666666666666667,0.6666666666666666,3,Fast-Track Performers,Medium,0,3,4
1193,30,Sales,Sales Executive,7,7,1,2,7,0.14285714285714285,1.0,0.2857142857142857,1.0,2,High-Risk Stagnation Profile,High,0,1,3
1194,34,Research & Development,Research Scientist,5,0,1,3,2,0.2,0.0,0.6,0.4,3,Fast-Track Performers,Low,0,4,4
1195,33,Sales,Sales Executive,11,7,1,2,7,0.09090909090909091,0.6363636363636364,0.18181818181818182,0.6363636363636364,2,High-Risk Stagnation Profile,High,0,2,4
1196,49,Sales,Sales Executive,5,1,0,1,4,0.0,0.2,0.2,0.8,3,Fast-Track Performers,Medium,0,4,4
1197,33,Sales,Sales Executive,0,0,0,2,0,0.0,0.0,0.0,0.0,1,Early-Career Explorers,Medium,1,1,1
1198,38,Research & Development,Laboratory Technician,6,1,0,4,5,0.0,0.16666666666666666,0.6666666666666666,0.8333333333333334,3,Fast-Track Performers,Low,0,2,3
1199,31,Sales,Sales Executive,1,0,0,2,0,0.0,0.0,2.0,0.0,1,Early-Career Explorers,Low,1,3,1
1200,29,Research & Development,Research Scientist,1,0,0,2,0,0.0,0.0,2.0,0.0,1,Early-Career Explorers,Low,0,1,4
1201,30,Research & Development,Healthcare Representative,7,0,1,3,7,0.14285714285714285,0.0,0.42857142857142855,1.0,3,Fast-Track Performers,Low,0,3,3
1202,32,Research & Development,Research Scientist,7,7,0,3,7,0.0,1.0,0.42857142857142855,1.0,2,High-Risk Stagnation Profile,Medium,0,2,2
1203,38,Research & Development,Healthcare Representative,1,0,1,2,0,1.0,0.0,2.0,0.0,1,Early-Career Explorers,Medium,0,4,2
1204,43,Research & Development,Research Scientist,1,0,0,4,0,0.0,0.0,4.0,0.0,1,Early-Career Explorers,Low,1,3,3
1205,42,Research & Development,Laboratory Technician,5,3,0,6,4,0.0,0.6,1.2,0.8,3,Fast-Track Performers,Low,0,2,2
1206,33,Research & Development,Research Scientist,9,8,1,2,7,0.1111111111111111,0.8888888888888888,0.2222222222222222,0.7777777777777778,2,High-Risk Stagnation Profile,High,0,2,4
1207,41,Research & Development,Laboratory Technician,5,3,0,2,4,0.0,0.6,0.4,0.8,3,Fast-Track Performers,Low,0,1,3
1208,34,Sales,Sales Executive,15,14,0,3,7,0.0,0.9333333333333333,0.2,0.4666666666666667,2,High-Risk Stagnation Profile,High,0,3,4
1209,53,Research & Development,Manufacturing Director,3,2,0,2,2,0.0,0.6666666666666666,0.6666666666666666,0.6666666666666666,3,Fast-Track Performers,Medium,0,3,1
1210,43,Human Resources,Human Resources,9,7,1,5,8,0.1111111111111111,0.7777777777777778,0.5555555555555556,0.8888888888888888,2,High-Risk Stagnation Profile,Medium,0,4,2
1211,34,Sales,Sales Executive,2,2,2,3,2,1.0,1.0,1.5,1.0,4,Promotion-Stalled Employees,High,0,4,4
1212,21,Sales,Sales Representative,1,0,1,3,0,1.0,0.0,3.0,0.0,1,Early-Career Explorers,Medium,1,2,2
1213,38,Research & Development,Laboratory Technician,5,4,0,3,4,0.0,0.8,0.6,0.8,3,Fast-Track Performers,Medium,0,3,4
1214,22,Research & Development,Laboratory Technician,1,0,0,6,0,0.0,0.0,6.0,0.0,1,Early-Career Explorers,Low,1,1,3
1215,31,Sales,Sales Executive,12,7,5,3,7,0.4166666666666667,0.5833333333333334,0.25,0.5833333333333334,0,High-Risk Stagnation Profile,High,0,4,1
1216,51,Research & Development,Manager,2,2,2,2,2,1.0,1.0,1.0,1.0,4,Promotion-Stalled Employees,High,0,3,1
1217,37,Sales,Sales Executive,5,2,0,2,3,0.0,0.4,0.4,0.6,3,Fast-Track Performers,Low,0,2,2
1218,46,Research & Development,Research Director,2,1,2,3,2,1.0,0.5,1.5,1.0,4,Promotion-Stalled Employees,High,0,4,3
1219,36,Research & Development,Healthcare Representative,12,8,5,1,7,0.4166666666666667,0.6666666666666666,0.08333333333333333,0.5833333333333334,0,High-Risk Stagnation Profile,High,0,1,4
1220,44,Research & Development,Research Scientist,5,3,2,2,3,0.4,0.6,0.4,0.6,3,Fast-Track Performers,Medium,1,2,3
1221,37,Human Resources,Human Resources,10,0,4,4,7,0.4,0.0,0.4,0.7,3,Fast-Track Performers,Medium,0,2,3
1222,35,Sales,Sales Executive,10,7,7,2,7,0.7,0.7,0.2,0.7,0,High-Risk Stagnation Profile,High,1,4,3
1223,33,Research & Development,Research Scientist,10,8,7,1,6,0.7,0.8,0.1,0.6,0,High-Risk Stagnation Profile,High,0,1,4
1224,28,Research & Development,Research Scientist,5,3,0,6,3,0.0,0.6,1.2,0.6,3,Fast-Track Performers,Low,0,4,3
1225,39,Research & Development,Research Director,4,3,2,3,2,0.5,0.75,0.75,0.5,3,Fast-Track Performers,Medium,0,3,3
1226,46,Sales,Sales Executive,2,2,2,3,2,1.0,1.0,1.5,1.0,4,Promotion-Stalled Employees,High,0,2,2
1227,40,Research & Development,Laboratory Technician,4,3,0,5,2,0.0,0.75,1.25,0.5,3,Fast-Track Performers,Medium,0,1,3
1228,42,Research & Development,Healthcare Representative,0,0,0,2,0,0.0,0.0,0.0,0.0,1,Early-Career Explorers,Medium,0,1,2
1229,35,Research & Development,Manufacturing Director,7,7,1,6,7,0.14285714285714285,1.0,0.8571428571428571,1.0,2,High-Risk Stagnation Profile,Medium,0,4,2
1230,38,Human Resources,Human Resources,11,10,3,3,8,0.2727272727272727,0.9090909090909091,0.2727272727272727,0.7272727272727273,2,High-Risk Stagnation Profile,High,0,2,1
1231,34,Research & Development,Laboratory Technician,7,1,0,3,7,0.0,0.14285714285714285,0.42857142857142855,1.0,3,Fast-Track Performers,Low,1,1,4
1232,37,Research & Development,Manufacturing Director,10,3,0,4,8,0.0,0.3,0.4,0.8,2,High-Risk Stagnation Profile,Medium,1,1,4
1233,39,Sales,Sales Executive,2,1,2,6,2,1.0,0.5,3.0,1.0,4,Promotion-Stalled Employees,High,0,4,3
1234,43,Research & Development,Research Scientist,3,2,1,2,2,0.3333333333333333,0.6666666666666666,0.6666666666666666,0.6666666666666666,3,Fast-Track Performers,Medium,0,3,1
1235,41,Research & Development,Healthcare Representative,3,2,1,3,2,0.3333333333333333,0.6666666666666666,1.0,0.6666666666666666,3,Fast-Track Performers,Medium,0,2,2
1236,41,Sales,Sales Executive,22,14,13,3,5,0.5909090909090909,0.6363636363636364,0.13636363636363635,0.22727272727272727,0,High-Risk Stagnation Profile,High,0,3,3
1237,30,Research & Development,Manufacturing Director,7,7,0,3,2,0.0,1.0,0.42857142857142855,0.2857142857142857,3,Fast-Track Performers,Medium,0,3,1
1238,26,Human Resources,Human Resources,5,1,1,3,4,0.2,0.2,0.6,0.8,3,Fast-Track Performers,Low,1,2,4
1239,46,Research & Development,Healthcare Representative,9,7,3,2,7,0.3333333333333333,0.7777777777777778,0.2222222222222222,0.7777777777777778,2,High-Risk Stagnation Profile,High,1,2,4
1240,40,Research & Development,Healthcare Representative,5,3,0,3,3,0.0,0.6,0.6,0.6,3,Fast-Track Performers,Low,0,4,3
1241,34,Sales,Sales Executive,10,8,4,5,8,0.4,0.8,0.5,0.8,2,High-Risk Stagnation Profile,High,0,3,2
1242,35,Research & Development,Laboratory Technician,5,4,0,2,3,0.0,0.8,0.4,0.6,3,Fast-Track Performers,Medium,0,3,2
1243,47,Research & Development,Manufacturing Director,22,11,14,4,10,0.6363636363636364,0.5,0.18181818181818182,0.45454545454545453,0,High-Risk Stagnation Profile,High,0,2,3
1244,40,Research & Development,Healthcare Representative,7,4,7,3,7,1.0,0.5714285714285714,0.42857142857142855,1.0,0,High-Risk Stagnation Profile,High,0,1,2
1245,54,Research & Development,Research Scientist,7,1,1,2,7,0.14285714285714285,0.14285714285714285,0.2857142857142857,1.0,3,Fast-Track Performers,Medium,0,4,4
1246,31,Sales,Sales Executive,3,2,2,3,2,0.6666666666666666,0.6666666666666666,1.0,0.6666666666666666,4,Promotion-Stalled Employees,High,0,1,1
1247,28,Research & Development,Research Scientist,3,2,1,3,2,0.3333333333333333,0.6666666666666666,1.0,0.6666666666666666,3,Fast-Track Performers,Medium,0,1,3
1248,38,Sales,Sales Representative,4,2,0,4,3,0.0,0.5,1.0,0.75,3,Fast-Track Performers,Low,0,4,2
1249,26,Sales,Sales Executive,5,3,1,4,2,0.2,0.6,0.8,0.4,3,Fast-Track Performers,Low,0,4,3
1250,58,Research & Development,Research Director,2,2,2,3,2,1.0,1.0,1.5,1.0,4,Promotion-Stalled Employees,High,0,3,1
1251,18,Research & Development,Research Scientist,0,0,0,4,0,0.0,0.0,0.0,0.0,1,Early-Career Explorers,Medium,0,3,2
1252,31,Human Resources,Human Resources,1,0,0,4,0,0.0,0.0,4.0,0.0,1,Early-Career Explorers,Low,1,1,4
1253,29,Human Resources,Human Resources,2,2,2,3,0,1.0,1.0,1.5,0.0,4,Promotion-Stalled Employees,High,1,1,1
1254,45,Sales,Sales Executive,8,7,5,3,7,0.625,0.875,0.375,0.875,0,High-Risk Stagnation Profile,High,0,3,3
1255,36,Research & Development,Research Scientist,1,0,0,2,0,0.0,0.0,2.0,0.0,1,Early-Career Explorers,Low,0,2,4
1256,43,Sales,Sales Executive,7,7,7,5,7,1.0,1.0,0.7142857142857143,1.0,0,High-Risk Stagnation Profile,High,0,4,1
1257,27,Research & Development,Laboratory Technician,5,4,0,3,2,0.0,0.8,0.6,0.4,3,Fast-Track Performers,Medium,0,4,4
1258,29,Research & Development,Laboratory Technician,11,8,3,3,10,0.2727272727272727,0.7272727272727273,0.2727272727272727,0.9090909090909091,2,High-Risk Stagnation Profile,High,0,4,4
1259,32,Sales,Sales Executive,0,0,0,2,0,0.0,0.0,0.0,0.0,1,Early-Career Explorers,Medium,0,4,4
1260,42,Research & Development,Research Scientist,6,3,3,1,3,0.5,0.5,0.16666666666666666,0.5,3,Fast-Track Performers,Medium,0,3,3
1261,47,Research & Development,Laboratory Technician,2,2,2,2,0,1.0,1.0,1.0,0.0,4,Promotion-Stalled Employees,High,0,3,2
1262,46,Research & Development,Manufacturing Director,9,8,4,4,7,0.4444444444444444,0.8888888888888888,0.4444444444444444,0.7777777777777778,2,High-Risk Stagnation Profile,High,0,4,4
1263,28,Human Resources,Human Resources,3,2,2,2,2,0.6666666666666666,0.6666666666666666,0.6666666666666666,0.6666666666666666,4,Promotion-Stalled Employees,High,0,4,3
1264,29,Research & Development,Healthcare Representative,7,0,1,3,6,0.14285714285714285,0.0,0.42857142857142855,0.8571428571428571,3,Fast-Track Performers,Low,0,3,4
1265,42,Research & Development,Laboratory Technician,0,0,0,3,0,0.0,0.0,0.0,0.0,1,Early-Career Explorers,Medium,0,3,4
1266,32,Sales,Sales Executive,2,2,2,3,2,1.0,1.0,1.5,1.0,4,Promotion-Stalled Employees,High,1,2,3
1267,46,Sales,Sales Executive,19,17,2,5,8,0.10526315789473684,0.8947368421052632,0.2631578947368421,0.42105263157894735,2,High-Risk Stagnation Profile,High,0,1,1
1268,27,Sales,Sales Representative,9,8,5,5,8,0.5555555555555556,0.8888888888888888,0.5555555555555556,0.8888888888888888,0,High-Risk Stagnation Profile,High,0,3,2
1269,29,Human Resources,Human Resources,1,0,0,3,0,0.0,0.0,3.0,0.0,1,Early-Career Explorers,Low,0,2,4
1270,43,Research & Development,Manager,16,12,6,2,14,0.375,0.75,0.125,0.875,2,High-Risk Stagnation Profile,High,0,3,1
1271,29,Research & Development,Research Scientist,1,0,1,3,0,1.0,0.0,3.0,0.0,1,Early-Career Explorers,Medium,1,4,4
1272,46,Sales,Sales Executive,8,7,0,2,7,0.0,0.875,0.25,0.875,2,High-Risk Stagnation Profile,High,1,2,3
1273,27,Research & Development,Research Scientist,7,6,7,2,3,1.0,0.8571428571428571,0.2857142857142857,0.42857142857142855,0,High-Risk Stagnation Profile,High,0,1,4
1274,39,Research & Development,Research Scientist,2,2,2,2,2,1.0,1.0,1.0,1.0,4,Promotion-Stalled Employees,High,0,4,4
1275,55,Research & Development,Research Scientist,5,2,0,2,4,0.0,0.4,0.4,0.8,3,Fast-Track Performers,Low,0,4,2
1276,28,Sales,Sales Representative,1,0,0,3,0,0.0,0.0,3.0,0.0,1,Early-Career Explorers,Low,0,2,2
1277,30,Sales,Sales Representative,1,0,0,3,0,0.0,0.0,3.0,0.0,1,Early-Career Explorers,Low,1,4,2
1278,22,Research & Development,Research Scientist,1,0,0,2,0,0.0,0.0,2.0,0.0,1,Early-Career Explorers,Low,1,2,4
1279,36,Sales,Sales Executive,10,9,1,4,7,0.1,0.9,0.4,0.7,2,High-Risk Stagnation Profile,Medium,0,3,2
1280,31,Research & Development,Laboratory Technician,10,8,0,2,2,0.0,0.8,0.2,0.2,3,Fast-Track Performers,Medium,0,3,2
1281,34,Sales,Sales Executive,5,3,1,3,0,0.2,0.6,0.6,0.0,3,Fast-Track Performers,Low,0,4,3
1282,29,Research & Development,Laboratory Technician,3,2,1,2,2,0.3333333333333333,0.6666666666666666,0.6666666666666666,0.6666666666666666,3,Fast-Track Performers,Medium,0,1,4
1283,37,Research & Development,Research Scientist,5,3,0,2,4,0.0,0.6,0.4,0.8,3,Fast-Track Performers,Low,0,1,4
1284,35,Research & Development,Manufacturing Director,3,2,0,2,2,0.0,0.6666666666666666,0.6666666666666666,0.6666666666666666,3,Fast-Track Performers,Medium,0,2,4
1285,45,Research & Development,Manufacturing Director,9,8,3,2,8,0.3333333333333333,0.8888888888888888,0.2222222222222222,0.8888888888888888,2,High-Risk Stagnation Profile,High,0,4,2
1286,36,Human Resources,Human Resources,10,1,0,2,8,0.0,0.1,0.2,0.8,3,Fast-Track Performers,Medium,0,4,2
1287,40,Research & Development,Manager,19,7,11,3,16,0.5789473684210527,0.3684210526315789,0.15789473684210525,0.8421052631578947,0,High-Risk Stagnation Profile,High,0,1,1
1288,26,Research & Development,Research Scientist,1,0,1,3,0,1.0,0.0,3.0,0.0,1,Early-Career Explorers,Medium,0,3,2
1289,27,Sales,Sales Executive,8,7,0,5,7,0.0,0.875,0.625,0.875,2,High-Risk Stagnation Profile,Medium,0,3,1
1290,48,Research & Development,Manager,22,17,4,3,7,0.18181818181818182,0.7727272727272727,0.13636363636363635,0.3181818181818182,2,High-Risk Stagnation Profile,High,0,4,4
1291,44,Research & Development,Healthcare Representative,2,0,2,5,2,1.0,0.0,2.5,1.0,4,Promotion-Stalled Employees,High,0,1,2
1292,34,Research & Development,Research Scientist,5,2,3,2,0,0.6,0.4,0.4,0.0,3,Fast-Track Performers,Medium,1,1,4
1293,56,Research & Development,Laboratory Technician,4,2,1,3,0,0.25,0.5,0.75,0.0,3,Fast-Track Performers,Low,1,4,1
1294,36,Sales,Sales Executive,4,2,1,1,3,0.25,0.5,0.25,0.75,3,Fast-Track Performers,Medium,0,2,3
1295,41,Sales,Sales Executive,5,4,1,3,4,0.2,0.8,0.6,0.8,3,Fast-Track Performers,Medium,0,2,3
1296,42,Research & Development,Research Director,13,7,5,3,7,0.38461538461538464,0.5384615384615384,0.23076923076923078,0.5384615384615384,0,High-Risk Stagnation Profile,High,0,1,3
1297,31,Sales,Sales Executive,5,2,1,2,4,0.2,0.4,0.4,0.8,3,Fast-Track Performers,Low,0,4,3
1298,34,Sales,Sales Executive,4,2,0,3,1,0.0,0.5,0.75,0.25,3,Fast-Track Performers,Low,0,4,4
1299,31,Research & Development,Laboratory Technician,2,2,2,0,2,1.0,1.0,0.0,1.0,4,Promotion-Stalled Employees,High,0,3,1
1300,26,Research & Development,Laboratory Technician,7,7,7,3,7,1.0,1.0,0.42857142857142855,1.0,0,High-Risk Stagnation Profile,High,0,4,3
1301,45,Research & Development,Healthcare Representative,4,2,0,3,3,0.0,0.5,0.75,0.75,3,Fast-Track Performers,Low,0,3,2
1302,33,Sales,Sales Executive,10,4,0,2,9,0.0,0.4,0.2,0.9,2,High-Risk Stagnation Profile,Medium,0,3,2
1303,28,Sales,Sales Executive,7,7,0,2,7,0.0,1.0,0.2857142857142857,1.0,2,High-Risk Stagnation Profile,High,0,4,3
1304,29,Sales,Sales Representative,1,0,0,3,0,0.0,0.0,3.0,0.0,1,Early-Career Explorers,Low,1,1,3
1305,39,Sales,Sales Executive,3,2,1,1,2,0.3333333333333333,0.6666666666666666,0.3333333333333333,0.6666666666666666,3,Fast-Track Performers,Medium,0,3,1
1306,27,Research & Development,Research Scientist,5,3,1,3,2,0.2,0.6,0.6,0.4,3,Fast-Track Performers,Low,0,2,2
1307,34,Research & Development,Research Scientist,15,10,6,3,11,0.4,0.6666666666666666,0.2,0.7333333333333333,0,High-Risk Stagnation Profile,High,0,4,3
1308,28,Sales,Sales Executive,2,0,2,0,2,1.0,0.0,0.0,1.0,4,Promotion-Stalled Employees,High,1,3,4
1309,47,Research & Development,Research Scientist,8,7,1,4,7,0.125,0.875,0.5,0.875,2,High-Risk Stagnation Profile,Medium,0,2,3
1310,56,Sales,Sales Executive,0,0,0,3,0,0.0,0.0,0.0,0.0,1,Early-Career Explorers,Medium,0,1,4
1311,39,Research & Development,Manufacturing Director,10,0,7,3,9,0.7,0.0,0.3,0.9,0,High-Risk Stagnation Profile,High,0,1,1
1312,38,Research & Development,Research Scientist,20,11,0,3,7,0.0,0.55,0.15,0.35,2,High-Risk Stagnation Profile,Medium,0,2,4
1313,32,Research & Development,Research Scientist,4,1,0,2,3,0.0,0.25,0.5,0.75,3,Fast-Track Performers,Low,1,3,1
1314,38,Research & Development,Research Scientist,5,2,0,0,3,0.0,0.4,0.0,0.6,3,Fast-Track Performers,Medium,0,4,2
1315,49,Research & Development,Research Director,5,4,4,3,3,0.8,0.8,0.6,0.6,4,Promotion-Stalled Employees,High,0,4,2
1316,42,Sales,Sales Executive,0,0,0,4,0,0.0,0.0,0.0,0.0,1,Early-Career Explorers,Medium,0,4,2
1317,27,Human Resources,Human Resources,1,0,0,2,0,0.0,0.0,2.0,0.0,1,Early-Career Explorers,Low,1,2,1
1318,35,Sales,Sales Executive,5,3,0,2,4,0.0,0.6,0.4,0.8,3,Fast-Track Performers,Low,0,1,2
1319,28,Research & Development,Research Scientist,5,3,1,3,4,0.2,0.6,0.6,0.8,3,Fast-Track Performers,Low,0,3,3
1320,31,Research & Development,Research Scientist,4,2,2,3,3,0.5,0.5,0.75,0.75,3,Fast-Track Performers,Medium,0,1,3
1321,36,Research & Development,Laboratory Technician,5,4,0,3,2,0.0,0.8,0.6,0.4,3,Fast-Track Performers,Medium,0,2,1
1322,34,Sales,Sales Executive,14,8,2,3,1,0.14285714285714285,0.5714285714285714,0.21428571428571427,0.07142857142857142,3,Fast-Track Performers,Medium,0,4,1
1323,34,Sales,Sales Executive,8,7,1,2,1,0.125,0.875,0.25,0.125,3,Fast-Track Performers,Medium,0,3,4
1324,26,Research & Development,Laboratory Technician,7,7,7,6,6,1.0,1.0,0.8571428571428571,0.8571428571428571,0,High-Risk Stagnation Profile,High,0,1,3
1325,29,Research & Development,Healthcare Representative,5,3,0,5,2,0.0,0.6,1.0,0.4,3,Fast-Track Performers,Low,0,1,1
1326,32,Research & Development,Healthcare Representative,5,1,1,6,2,0.2,0.2,1.2,0.4,3,Fast-Track Performers,Low,0,4,3
1327,31,Research & Development,Research Scientist,10,8,8,6,7,0.8,0.8,0.6,0.7,0,High-Risk Stagnation Profile,High,0,1,4
1328,28,Research & Development,Laboratory Technician,4,1,0,2,3,0.0,0.25,0.5,0.75,3,Fast-Track Performers,Low,1,4,3
1329,38,Sales,Sales Representative,1,0,0,3,0,0.0,0.0,3.0,0.0,1,Early-Career Explorers,Low,0,1,1
1330,35,Sales,Sales Executive,10,8,0,2,9,0.0,0.8,0.2,0.9,2,High-Risk Stagnation Profile,High,0,4,3
1331,27,Sales,Sales Executive,7,7,0,5,7,0.0,1.0,0.7142857142857143,1.0,2,High-Risk Stagnation Profile,Medium,0,4,4
1332,32,Research & Development,Manufacturing Director,1,0,0,1,0,0.0,0.0,1.0,0.0,1,Early-Career Explorers,Low,0,4,4
1333,31,Sales,Sales Executive,10,7,0,4,8,0.0,0.7,0.4,0.8,2,High-Risk Stagnation Profile,Medium,1,4,1
1334,53,Sales,Sales Executive,2,2,2,2,2,1.0,1.0,1.0,1.0,4,Promotion-Stalled Employees,High,1,1,1
1335,54,Research & Development,Research Scientist,4,3,2,6,3,0.5,0.75,1.5,0.75,4,Promotion-Stalled Employees,High,0,3,1
1336,33,Research & Development,Healthcare Representative,9,7,2,2,8,0.2222222222222222,0.7777777777777778,0.2222222222222222,0.8888888888888888,2,High-Risk Stagnation Profile,High,0,3,4
1337,43,Research & Development,Healthcare Representative,10,9,0,1,9,0.0,0.9,0.1,0.9,2,High-Risk Stagnation Profile,High,0,3,1
1338,38,Human Resources,Human Resources,6,2,1,2,2,0.16666666666666666,0.3333333333333333,0.3333333333333333,0.3333333333333333,3,Fast-Track Performers,Low,0,2,4
1339,31,Research & Development,Laboratory Technician,1,0,0,4,0,0.0,0.0,4.0,0.0,1,Early-Career Explorers,Low,0,4,4
1340,39,Sales,Sales Executive,20,8,11,3,10,0.55,0.4,0.15,0.5,0,High-Risk Stagnation Profile,High,0,1,2
1341,42,Research & Development,Research Scientist,20,9,3,2,7,0.15,0.45,0.1,0.35,2,High-Risk Stagnation Profile,Medium,0,3,4
1342,31,Research & Development,Research Director,11,7,4,2,8,0.36363636363636365,0.6363636363636364,0.18181818181818182,0.7272727272727273,2,High-Risk Stagnation Profile,High,0,3,3
1343,54,Research & Development,Manufacturing Director,5,2,1,3,4,0.2,0.4,0.6,0.8,3,Fast-Track Performers,Low,0,1,3
1344,24,Research & Development,Healthcare Representative,4,3,1,2,2,0.25,0.75,0.5,0.5,3,Fast-Track Performers,Medium,0,3,2
1345,23,Research & Development,Laboratory Technician,5,2,1,6,4,0.2,0.4,1.2,0.8,3,Fast-Track Performers,Low,0,4,4
1346,40,Research & Development,Laboratory Technician,10,9,9,2,4,0.9,0.9,0.2,0.4,0,High-Risk Stagnation Profile,High,0,3,4
1347,40,Sales,Sales Executive,11,8,5,4,10,0.45454545454545453,0.7272727272727273,0.36363636363636365,0.9090909090909091,2,High-Risk Stagnation Profile,High,0,2,2
1348,25,Human Resources,Human Resources,2,0,1,3,2,0.5,0.0,1.5,1.0,3,Fast-Track Performers,Medium,0,2,3
1349,30,Research & Development,Laboratory Technician,12,8,1,6,7,0.08333333333333333,0.6666666666666666,0.5,0.5833333333333334,2,High-Risk Stagnation Profile,Medium,0,2,4
1350,25,Research & Development,Laboratory Technician,2,2,0,2,2,0.0,1.0,1.0,1.0,3,Fast-Track Performers,Medium,0,3,4
1351,47,Research & Development,Healthcare Representative,17,14,12,3,11,0.7058823529411765,0.8235294117647058,0.17647058823529413,0.6470588235294118,0,High-Risk Stagnation Profile,High,0,3,1
1352,33,Research & Development,Laboratory Technician,1,1,0,2,0,0.0,1.0,2.0,0.0,3,Fast-Track Performers,Medium,0,3,2
1353,38,Sales,Sales Executive,15,13,5,3,8,0.3333333333333333,0.8666666666666667,0.2,0.5333333333333333,2,High-Risk Stagnation Profile,High,0,2,4
1354,31,Sales,Sales Representative,2,2,1,1,2,0.5,1.0,0.5,1.0,4,Promotion-Stalled Employees,High,0,3,1
1355,38,Research & Development,Manufacturing Director,8,3,7,1,7,0.875,0.375,0.125,0.875,0,High-Risk Stagnation Profile,High,0,3,1
1356,42,Research & Development,Research Scientist,4,3,1,3,2,0.25,0.75,0.75,0.5,3,Fast-Track Performers,Medium,0,1,4
1357,41,Research & Development,Research Scientist,5,3,1,3,0,0.2,0.6,0.6,0.0,3,Fast-Track Performers,Low,0,4,4
1358,47,Research & Development,Research Director,13,8,5,3,12,0.38461538461538464,0.6153846153846154,0.23076923076923078,0.9230769230769231,2,High-Risk Stagnation Profile,High,0,2,3
1359,35,Research & Development,Laboratory Technician,2,2,2,3,2,1.0,1.0,1.5,1.0,4,Promotion-Stalled Employees,High,0,3,4
1360,22,Research & Development,Research Scientist,3,2,1,2,2,0.3333333333333333,0.6666666666666666,0.6666666666666666,0.6666666666666666,3,Fast-Track Performers,Medium,0,3,4
1361,35,Research & Development,Research Scientist,10,7,0,5,8,0.0,0.7,0.5,0.8,2,High-Risk Stagnation Profile,Medium,0,3,2
1362,33,Research & Development,Healthcare Representative,9,7,8,6,1,0.8888888888888888,0.7777777777777778,0.6666666666666666,0.1111111111111111,0,High-Risk Stagnation Profile,High,0,4,2
1363,32,Research & Development,Laboratory Technician,6,2,4,3,1,0.6666666666666666,0.3333333333333333,0.5,0.16666666666666666,3,Fast-Track Performers,Medium,0,2,3
1364,40,Research & Development,Laboratory Technician,1,0,0,3,0,0.0,0.0,3.0,0.0,1,Early-Career Explorers,Low,0,4,1
1365,32,Sales,Sales Representative,2,2,2,2,2,1.0,1.0,1.0,1.0,4,Promotion-Stalled Employees,High,0,2,2
1366,39,Research & Development,Research Scientist,7,7,1,2,7,0.14285714285714285,1.0,0.2857142857142857,1.0,2,High-Risk Stagnation Profile,High,0,4,1
1367,38,Research & Development,Research Director,18,16,1,3,11,0.05555555555555555,0.8888888888888888,0.16666666666666666,0.6111111111111112,2,High-Risk Stagnation Profile,High,0,3,2
1368,32,Sales,Sales Executive,14,10,5,3,7,0.35714285714285715,0.7142857142857143,0.21428571428571427,0.5,2,High-Risk Stagnation Profile,High,0,4,3
1369,37,Research & Development,Research Director,16,11,6,2,8,0.375,0.6875,0.125,0.5,0,High-Risk Stagnation Profile,High,0,4,3
1370,25,Sales,Sales Executive,5,3,0,3,4,0.0,0.6,0.6,0.8,3,Fast-Track Performers,Low,0,3,1
1371,52,Sales,Sales Representative,9,8,0,3,0,0.0,0.8888888888888888,0.3333333333333333,0.0,3,Fast-Track Performers,Medium,0,4,1
1372,44,Research & Development,Research Scientist,4,3,1,2,2,0.25,0.75,0.5,0.5,3,Fast-Track Performers,Medium,0,4,2
1373,21,Sales,Sales Representative,2,2,1,6,2,0.5,1.0,3.0,1.0,4,Promotion-Stalled Employees,High,0,1,3
1374,39,Research & Development,Manager,6,0,1,3,3,0.16666666666666666,0.0,0.5,0.5,3,Fast-Track Performers,Low,0,4,4
1375,23,Sales,Sales Representative,1,0,1,3,0,1.0,0.0,3.0,0.0,1,Early-Career Explorers,Medium,1,1,4
1376,36,Sales,Sales Executive,9,7,3,2,4,0.3333333333333333,0.7777777777777778,0.2222222222222222,0.4444444444444444,2,High-Risk Stagnation Profile,High,0,4,1
1377,36,Research & Development,Manufacturing Director,4,2,0,3,2,0.0,0.5,0.75,0.5,3,Fast-Track Performers,Low,0,2,4
1378,56,Research & Development,Healthcare Representative,13,12,1,2,9,0.07692307692307693,0.9230769230769231,0.15384615384615385,0.6923076923076923,2,High-Risk Stagnation Profile,High,0,3,3
1379,29,Research & Development,Research Scientist,2,2,2,3,2,1.0,1.0,1.5,1.0,4,Promotion-Stalled Employees,High,1,4,1
1380,42,Research & Development,Manager,22,6,4,2,14,0.18181818181818182,0.2727272727272727,0.09090909090909091,0.6363636363636364,2,High-Risk Stagnation Profile,Medium,0,3,1
1381,56,Research & Development,Laboratory Technician,10,9,9,4,8,0.9,0.9,0.4,0.8,0,High-Risk Stagnation Profile,High,1,3,4
1382,41,Research & Development,Manufacturing Director,20,7,0,3,10,0.0,0.35,0.15,0.5,2,High-Risk Stagnation Profile,Medium,0,2,1
1383,34,Sales,Sales Executive,8,7,1,2,7,0.125,0.875,0.25,0.875,2,High-Risk Stagnation Profile,High,0,3,4
1384,36,Sales,Sales Executive,15,12,11,4,11,0.7333333333333333,0.8,0.26666666666666666,0.7333333333333333,0,High-Risk Stagnation Profile,High,0,4,4
1385,41,Sales,Sales Executive,5,4,0,5,4,0.0,0.8,1.0,0.8,3,Fast-Track Performers,Medium,0,2,3
1386,32,Research & Development,Research Scientist,4,2,1,4,2,0.25,0.5,1.0,0.5,3,Fast-Track Performers,Low,0,1,4
1387,35,Human Resources,Human Resources,9,0,1,2,7,0.1111111111111111,0.0,0.2222222222222222,0.7777777777777778,3,Fast-Track Performers,Medium,0,4,3
1388,38,Sales,Sales Executive,10,7,1,1,9,0.1,0.7,0.1,0.9,2,High-Risk Stagnation Profile,High,0,4,1
1389,50,Sales,Sales Executive,6,3,0,3,1,0.0,0.5,0.5,0.16666666666666666,3,Fast-Track Performers,Low,1,3,2
1390,36,Sales,Sales Executive,6,3,0,2,0,0.0,0.5,0.3333333333333333,0.0,3,Fast-Track Performers,Low,0,4,2
1391,45,Sales,Sales Executive,5,3,0,3,1,0.0,0.6,0.6,0.2,3,Fast-Track Performers,Low,0,3,4
1392,40,Research & Development,Research Scientist,2,2,2,2,2,1.0,1.0,1.0,1.0,4,Promotion-Stalled Employees,High,0,3,3
1393,35,Research & Development,Healthcare Representative,10,2,0,2,2,0.0,0.2,0.2,0.2,3,Fast-Track Performers,Medium,0,3,3
1394,40,Research & Development,Research Scientist,5,3,0,2,2,0.0,0.6,0.4,0.4,3,Fast-Track Performers,Low,0,3,3
1395,35,Research & Development,Research Scientist,4,3,1,5,1,0.25,0.75,1.25,0.25,3,Fast-Track Performers,Medium,0,4,3
1396,29,Research & Development,Laboratory Technician,4,3,0,2,3,0.0,0.75,0.5,0.75,3,Fast-Track Performers,Medium,0,2,4
1397,29,Research & Development,Research Scientist,5,4,0,3,4,0.0,0.8,0.6,0.8,3,Fast-Track Performers,Medium,0,1,4
1398,50,Sales,Sales Executive,3,2,2,3,0,0.6666666666666666,0.6666666666666666,1.0,0.0,3,Fast-Track Performers,High,1,1,4
1399,39,Sales,Sales Executive,20,9,9,2,6,0.45,0.45,0.1,0.3,0,High-Risk Stagnation Profile,High,0,4,2
1400,31,Research & Development,Manufacturing Director,9,4,1,2,7,0.1111111111111111,0.4444444444444444,0.2222222222222222,0.7777777777777778,2,High-Risk Stagnation Profile,Medium,0,1,2
1401,26,Sales,Sales Representative,4,2,0,2,0,0.0,0.5,0.5,0.0,3,Fast-Track Performers,Low,0,3,4
1402,36,Research & Development,Laboratory Technician,5,2,0,3,3,0.0,0.4,0.6,0.6,3,Fast-Track Performers,Low,0,4,3
1403,39,Research & Development,Healthcare Representative,7,7,1,5,7,0.14285714285714285,1.0,0.7142857142857143,1.0,2,High-Risk Stagnation Profile,Medium,0,1,4
1404,27,Research & Development,Manufacturing Director,6,2,0,0,3,0.0,0.3333333333333333,0.0,0.5,3,Fast-Track Performers,Medium,0,2,2
1405,49,Sales,Sales Executive,9,6,0,3,8,0.0,0.6666666666666666,0.3333333333333333,0.8888888888888888,2,High-Risk Stagnation Profile,Medium,0,2,4
1406,34,Research & Development,Laboratory Technician,4,3,1,3,2,0.25,0.75,0.75,0.5,3,Fast-Track Performers,Medium,0,3,2
